<?xml version="1.0" encoding="UTF-8" standalone="no"?>
<!DOCTYPE Chapters SYSTEM 'matroskachapters.dtd'>
<!--Created with DVDMenuXtractor: DMX - a fair-use tool 0.9.9-->

<Chapters>
  <EditionEntry>
    <EditionUID>2705443</EditionUID>
    <EditionFlagOrdered>1</EditionFlagOrdered>
    <!--First Play PGC-->

    <ChapterAtom>
      <ChapterUID>415131524</ChapterUID>
      <ChapterTimeStart>00:00:00.000000000</ChapterTimeStart>
      <ChapterTimeEnd>00:00:00.000000000</ChapterTimeEnd>
      <!--Enter your text here-->

      <ChapterDisplay>
        <ChapterString>First Play PGC 415131524</ChapterString>
      </ChapterDisplay>
      <ChapterProcess>
        <ChapterProcessCodecID>1</ChapterProcessCodecID>
        <ChapterProcessPrivate format="hex">30 00 00 00</ChapterProcessPrivate>
        <!--Pre commands-->

        <ChapterProcessCommand>
          <ChapterProcessTime>1</ChapterProcessTime>
          <ChapterProcessData format="hex">11 71 00 00 00 00 00 00 00 71 00 00 01 00 01 00 00 71 00 00 02 00 02 00 00 71 00 00 03 00 03 00 00 71 00 00 04 00 04 00 00 71 00 00 05 00 05 00 00 71 00 00 06 00 06 00 00 71 00 00 07 00 07 00 00 71 00 00 08 00 0a 00 00 71 00 00 09 00 00 00 00 71 00 00 0a 00 00 00 00 71 00 00 0b 00 00 00 00 71 00 00 0c 00 0a 00 00 71 00 00 0d 00 00 00 00 71 00 00 0e 00 00 00 00 71 00 00 0f 00 00 00 00 30 06 00 02 00 c0 00 00</ChapterProcessData>
        </ChapterProcessCommand>
      </ChapterProcess>
    </ChapterAtom>
    <!--Video Manager-->

    <ChapterAtom>
      <ChapterUID>1256275308</ChapterUID>
      <ChapterFlagHidden>1</ChapterFlagHidden>
      <ChapterProcess>
        <ChapterProcessCodecID>1</ChapterProcessCodecID>
        <ChapterProcessPrivate format="hex">30 c0 00 00</ChapterProcessPrivate>
      </ChapterProcess>
      <!--Language Units-->

      <ChapterAtom>
        <!--Language: en-->

        <ChapterUID>752251566</ChapterUID>
        <ChapterProcess>
          <ChapterProcessCodecID>1</ChapterProcessCodecID>
          <ChapterProcessPrivate format="hex">2a 65 6e 00</ChapterProcessPrivate>
        </ChapterProcess>
        <!--Enter your text here-->

        <ChapterDisplay>
          <ChapterString>Language Unit for en</ChapterString>
        </ChapterDisplay>
        <!--PGC PGC_1 type 0x82 = Entry + Title-Menu-->

        <ChapterAtom>
          <ChapterUID>1767006096</ChapterUID>
          <!--Enter your text here-->

          <ChapterDisplay>
            <ChapterString>PGC type 0x82 = Entry + Title-Menu</ChapterString>
          </ChapterDisplay>
          <ChapterProcess>
            <ChapterProcessCodecID>1</ChapterProcessCodecID>
            <ChapterProcessPrivate format="hex">20 00 01 82 00 00 00 00</ChapterProcessPrivate>
            <!--Pre commands-->

            <ChapterProcessCommand>
              <ChapterProcessTime>1</ChapterProcessTime>
              <ChapterProcessData format="hex">01 30 06 00 01 02 83 00 00</ChapterProcessData>
            </ChapterProcessCommand>
          </ChapterProcess>
          <!--Program PGN# 1 in this PGC-->

          <ChapterAtom>
            <ChapterUID>373911025</ChapterUID>
            <ChapterFlagHidden>1</ChapterFlagHidden>
            <ChapterProcess>
              <ChapterProcessCodecID>1</ChapterProcessCodecID>
              <ChapterProcessPrivate format="hex">18 00 01</ChapterProcessPrivate>
            </ChapterProcess>
            <!--Program Entry Cell CN#1 [02.1]-->

            <ChapterAtom>
              <ChapterUID>1525760443</ChapterUID>
              <ChapterFlagHidden>1</ChapterFlagHidden>
              <ChapterProcess>
                <ChapterProcessCodecID>1</ChapterProcessCodecID>
                <ChapterProcessPrivate format="hex">08 00 02 01 01</ChapterProcessPrivate>
              </ChapterProcess>
              <!--Infinite loop Still Cell-->

              <ChapterProcess>
                <ChapterProcessCodecID>0</ChapterProcessCodecID>
                <!--Post command: replay this cell-->

                <ChapterProcessCommand>
                  <ChapterProcessTime>2</ChapterProcessTime>
                  <ChapterProcessData format="ascii">GotoAndPlay(1767006096);</ChapterProcessData>
                </ChapterProcessCommand>
              </ChapterProcess>
              <ChapterTimeStart>00:00:16.520000000</ChapterTimeStart>
              <ChapterTimeEnd>00:00:17.000000000</ChapterTimeEnd>
            </ChapterAtom>
            <ChapterTimeStart>00:00:16.520000000</ChapterTimeStart>
          </ChapterAtom>
          <ChapterTimeStart>00:00:16.520000000</ChapterTimeStart>
        </ChapterAtom>
        <!--PGC PGC_2 type 0x00 = Basic PGC-->

        <ChapterAtom>
          <ChapterUID>652804587</ChapterUID>
          <!--Enter your text here-->

          <ChapterDisplay>
            <ChapterString>PGC type 0x00 = Basic PGC</ChapterString>
          </ChapterDisplay>
          <ChapterProcess>
            <ChapterProcessCodecID>1</ChapterProcessCodecID>
            <ChapterProcessPrivate format="hex">20 00 02 00 00 40 00 00</ChapterProcessPrivate>
            <!--Post commands-->

            <ChapterProcessCommand>
              <ChapterProcessTime>2</ChapterProcessTime>
              <ChapterProcessData format="hex">01 30 06 00 01 01 83 00 00</ChapterProcessData>
            </ChapterProcessCommand>
          </ChapterProcess>
          <!--Program PGN# 1 in this PGC-->

          <ChapterAtom>
            <ChapterUID>196292262</ChapterUID>
            <ChapterFlagHidden>1</ChapterFlagHidden>
            <ChapterProcess>
              <ChapterProcessCodecID>1</ChapterProcessCodecID>
              <ChapterProcessPrivate format="hex">18 00 01</ChapterProcessPrivate>
            </ChapterProcess>
            <!--Program Entry Cell CN#1 [01.1]-->

            <ChapterAtom>
              <ChapterUID>316347708</ChapterUID>
              <ChapterFlagHidden>1</ChapterFlagHidden>
              <ChapterProcess>
                <ChapterProcessCodecID>1</ChapterProcessCodecID>
                <ChapterProcessPrivate format="hex">08 00 01 01 01</ChapterProcessPrivate>
              </ChapterProcess>
              <ChapterTimeStart>00:00:00.000000000</ChapterTimeStart>
              <ChapterTimeEnd>00:00:16.520000000</ChapterTimeEnd>
            </ChapterAtom>
            <ChapterTimeStart>00:00:00.000000000</ChapterTimeStart>
          </ChapterAtom>
          <ChapterTimeStart>00:00:00.000000000</ChapterTimeStart>
        </ChapterAtom>
        <!--PGC PGC_3 type 0x00 = Basic PGC-->

        <ChapterAtom>
          <ChapterUID>2122791180</ChapterUID>
          <!--Enter your text here-->

          <ChapterDisplay>
            <ChapterString>PGC type 0x00 = Basic PGC</ChapterString>
          </ChapterDisplay>
          <ChapterProcess>
            <ChapterProcessCodecID>1</ChapterProcessCodecID>
            <ChapterProcessPrivate format="hex">20 00 03 00 00 00 00 00</ChapterProcessPrivate>
            <!--Pre commands-->

            <ChapterProcessCommand>
              <ChapterProcessTime>1</ChapterProcessTime>
              <ChapterProcessData format="hex">01 30 06 00 01 02 83 00 00</ChapterProcessData>
            </ChapterProcessCommand>
          </ChapterProcess>
          <ChapterTimeStart>00:00:00.000000000</ChapterTimeStart>
        </ChapterAtom>
        <ChapterTimeStart>00:00:00.000000000</ChapterTimeStart>
      </ChapterAtom>
      <ChapterTimeStart>00:00:00.000000000</ChapterTimeStart>
    </ChapterAtom>
  </EditionEntry>
</Chapters>
