<?xml version="1.0" encoding="UTF-8" standalone="no"?>
<!DOCTYPE Chapters SYSTEM 'matroskachapters.dtd'>
<!--Created with DVDMenuXtractor: DMX - a fair-use tool 0.9.9-->

<Chapters>
  <EditionEntry>
    <EditionUID>255721625</EditionUID>
    <EditionFlagOrdered>1</EditionFlagOrdered>
    <!--Video Title Set-->

    <ChapterAtom>
      <ChapterUID>19148894</ChapterUID>
      <ChapterFlagHidden>1</ChapterFlagHidden>
      <ChapterProcess>
        <ChapterProcessCodecID>1</ChapterProcessCodecID>
        <ChapterProcessPrivate format="hex">30 80 00 01</ChapterProcessPrivate>
      </ChapterProcess>
      <!--Title TTU_1-->

      <ChapterAtom>
        <ChapterUID>1141721372</ChapterUID>
        <ChapterFlagHidden>1</ChapterFlagHidden>
        <ChapterProcess>
          <ChapterProcessCodecID>1</ChapterProcessCodecID>
          <ChapterProcessPrivate format="hex">28 00 01 01</ChapterProcessPrivate>
        </ChapterProcess>
        <!--PGC PGC_1 type 0x00 = Basic PGC-->

        <ChapterAtom>
          <ChapterUID>1292258743</ChapterUID>
          <ChapterFlagHidden>1</ChapterFlagHidden>
          <ChapterProcess>
            <ChapterProcessCodecID>1</ChapterProcessCodecID>
            <ChapterProcessPrivate format="hex">20 00 01 00 00 40 00 00</ChapterProcessPrivate>
            <!--Pre commands-->

            <ChapterProcessCommand>
              <ChapterProcessTime>1</ChapterProcessTime>
              <ChapterProcessData format="hex">01 30 28 00 00 01 00 00 01</ChapterProcessData>
            </ChapterProcessCommand>
            <!--Post commands-->

            <ChapterProcessCommand>
              <ChapterProcessTime>2</ChapterProcessTime>
              <ChapterProcessData format="hex">03 30 28 00 00 01 83 00 01 71 00 00 0c 00 0a 00 00 30 08 00 03 01 c0 00 00</ChapterProcessData>
            </ChapterProcessCommand>
          </ChapterProcess>
          <!--Program PGN# 1 in this PGC-->

          <ChapterAtom>
            <ChapterUID>356996318</ChapterUID>
            <ChapterFlagHidden>1</ChapterFlagHidden>
            <ChapterProcess>
              <ChapterProcessCodecID>1</ChapterProcessCodecID>
              <ChapterProcessPrivate format="hex">18 00 01</ChapterProcessPrivate>
            </ChapterProcess>
            <!--Chapter PTT#1 [01.01]-->

            <ChapterAtom>
              <!--Enter your text here-->

              <ChapterDisplay>
                <ChapterString>Your Name Here For Chapter #1.1</ChapterString>
              </ChapterDisplay>
              <ChapterUID>968043794</ChapterUID>
              <ChapterProcess>
                <ChapterProcessCodecID>1</ChapterProcessCodecID>
                <ChapterProcessPrivate format="hex">10 01</ChapterProcessPrivate>
              </ChapterProcess>
              <ChapterTimeStart>00:00:00.000000000</ChapterTimeStart>
            </ChapterAtom>
            <!--Program Entry Cell CN#1 [01.1]-->

            <ChapterAtom>
              <ChapterUID>122506696</ChapterUID>
              <ChapterFlagHidden>1</ChapterFlagHidden>
              <ChapterProcess>
                <ChapterProcessCodecID>1</ChapterProcessCodecID>
                <ChapterProcessPrivate format="hex">08 00 01 01 01</ChapterProcessPrivate>
              </ChapterProcess>
              <ChapterTimeStart>00:00:00.000000000</ChapterTimeStart>
              <ChapterTimeEnd>00:00:00.480000000</ChapterTimeEnd>
            </ChapterAtom>
            <ChapterTimeStart>00:00:00.000000000</ChapterTimeStart>
          </ChapterAtom>
          <ChapterTimeStart>00:00:00.000000000</ChapterTimeStart>
        </ChapterAtom>
        <ChapterTimeStart>00:00:00.000000000</ChapterTimeStart>
      </ChapterAtom>
      <ChapterTimeStart>00:00:00.000000000</ChapterTimeStart>
    </ChapterAtom>
  </EditionEntry>
</Chapters>
