<?xml version="1.0" encoding="UTF-8" standalone="no"?>
<!DOCTYPE Chapters SYSTEM 'matroskachapters.dtd'>
<!--Created with DVDMenuXtractor: DMX - a fair-use tool 0.9.9-->

<Chapters>
  <EditionEntry>
    <EditionUID>304051162</EditionUID>
    <EditionFlagOrdered>1</EditionFlagOrdered>
    <!--Video Title Set-->

    <ChapterAtom>
      <ChapterUID>1487939274</ChapterUID>
      <ChapterFlagHidden>1</ChapterFlagHidden>
      <ChapterProcess>
        <ChapterProcessCodecID>1</ChapterProcessCodecID>
        <ChapterProcessPrivate format="hex">30 80 00 02</ChapterProcessPrivate>
      </ChapterProcess>
      <!--Title TTU_1-->

      <ChapterAtom>
        <ChapterUID>915998978</ChapterUID>
        <ChapterFlagHidden>1</ChapterFlagHidden>
        <ChapterProcess>
          <ChapterProcessCodecID>1</ChapterProcessCodecID>
          <ChapterProcessPrivate format="hex">28 00 02 01</ChapterProcessPrivate>
        </ChapterProcess>
        <!--PGC PGC_1 type 0x00 = Basic PGC-->

        <ChapterAtom>
          <ChapterUID>2075744114</ChapterUID>
          <ChapterFlagHidden>1</ChapterFlagHidden>
          <ChapterProcess>
            <ChapterProcessCodecID>1</ChapterProcessCodecID>
            <ChapterProcessPrivate format="hex">20 00 01 00 00 40 00 00</ChapterProcessPrivate>
            <!--Pre commands-->

            <ChapterProcessCommand>
              <ChapterProcessTime>1</ChapterProcessTime>
              <ChapterProcessData format="hex">03 30 28 00 00 01 00 00 01 71 00 00 0c 00 0b 00 00 41 00 00 8f 8e 00 00 00</ChapterProcessData>
            </ChapterProcessCommand>
            <!--Post commands-->

            <ChapterProcessCommand>
              <ChapterProcessTime>2</ChapterProcessTime>
              <ChapterProcessData format="hex">03 71 00 00 0c 00 15 00 00 71 00 00 08 00 01 00 00 30 08 00 00 01 83 00 00</ChapterProcessData>
            </ChapterProcessCommand>
          </ChapterProcess>
          <!--Program PGN# 1 in this PGC-->

          <ChapterAtom>
            <ChapterUID>329085001</ChapterUID>
            <ChapterFlagHidden>1</ChapterFlagHidden>
            <ChapterProcess>
              <ChapterProcessCodecID>1</ChapterProcessCodecID>
              <ChapterProcessPrivate format="hex">18 00 01</ChapterProcessPrivate>
            </ChapterProcess>
            <!--Chapter PTT#1 [01.01]-->

            <ChapterAtom>
              <!--Enter your text here-->

              <ChapterDisplay>
                <ChapterString>Your Name Here For Chapter #1.1</ChapterString>
              </ChapterDisplay>
              <ChapterUID>1764510336</ChapterUID>
              <ChapterProcess>
                <ChapterProcessCodecID>1</ChapterProcessCodecID>
                <ChapterProcessPrivate format="hex">10 01</ChapterProcessPrivate>
              </ChapterProcess>
              <ChapterTimeStart>01:58:42.720000000</ChapterTimeStart>
            </ChapterAtom>
            <!--Program Entry Cell CN#1 [01.1]-->

            <ChapterAtom>
              <ChapterUID>410916549</ChapterUID>
              <ChapterFlagHidden>1</ChapterFlagHidden>
              <ChapterProcess>
                <ChapterProcessCodecID>1</ChapterProcessCodecID>
                <ChapterProcessPrivate format="hex">08 00 01 01 01</ChapterProcessPrivate>
              </ChapterProcess>
              <ChapterTimeStart>01:58:42.720000000</ChapterTimeStart>
              <ChapterTimeEnd>02:03:30.720000000</ChapterTimeEnd>
            </ChapterAtom>
            <ChapterTimeStart>01:58:42.720000000</ChapterTimeStart>
          </ChapterAtom>
          <!--Program PGN# 2 in this PGC-->

          <ChapterAtom>
            <ChapterUID>1754873045</ChapterUID>
            <ChapterFlagHidden>1</ChapterFlagHidden>
            <ChapterProcess>
              <ChapterProcessCodecID>1</ChapterProcessCodecID>
              <ChapterProcessPrivate format="hex">18 00 02</ChapterProcessPrivate>
            </ChapterProcess>
            <!--Chapter PTT#2 [01.02]-->

            <ChapterAtom>
              <!--Enter your text here-->

              <ChapterDisplay>
                <ChapterString>Your Name Here For Chapter #1.2</ChapterString>
              </ChapterDisplay>
              <ChapterUID>334053504</ChapterUID>
              <ChapterProcess>
                <ChapterProcessCodecID>1</ChapterProcessCodecID>
                <ChapterProcessPrivate format="hex">10 02</ChapterProcessPrivate>
              </ChapterProcess>
              <ChapterTimeStart>00:54:42.000000000</ChapterTimeStart>
            </ChapterAtom>
            <!--Program Entry Cell CN#2 [01.2]-->

            <ChapterAtom>
              <ChapterUID>1571959786</ChapterUID>
              <ChapterFlagHidden>1</ChapterFlagHidden>
              <ChapterProcess>
                <ChapterProcessCodecID>1</ChapterProcessCodecID>
                <ChapterProcessPrivate format="hex">08 00 01 02 01</ChapterProcessPrivate>
              </ChapterProcess>
              <ChapterTimeStart>00:54:42.000000000</ChapterTimeStart>
              <ChapterTimeEnd>00:58:14.640000000</ChapterTimeEnd>
            </ChapterAtom>
            <ChapterTimeStart>00:54:42.000000000</ChapterTimeStart>
          </ChapterAtom>
          <!--Program PGN# 3 in this PGC-->

          <ChapterAtom>
            <ChapterUID>600393932</ChapterUID>
            <ChapterFlagHidden>1</ChapterFlagHidden>
            <ChapterProcess>
              <ChapterProcessCodecID>1</ChapterProcessCodecID>
              <ChapterProcessPrivate format="hex">18 00 03</ChapterProcessPrivate>
            </ChapterProcess>
            <!--Chapter PTT#3 [01.03]-->

            <ChapterAtom>
              <!--Enter your text here-->

              <ChapterDisplay>
                <ChapterString>Your Name Here For Chapter #1.3</ChapterString>
              </ChapterDisplay>
              <ChapterUID>1465082047</ChapterUID>
              <ChapterProcess>
                <ChapterProcessCodecID>1</ChapterProcessCodecID>
                <ChapterProcessPrivate format="hex">10 03</ChapterProcessPrivate>
              </ChapterProcess>
              <ChapterTimeStart>01:07:42.400000000</ChapterTimeStart>
            </ChapterAtom>
            <!--Program Entry Cell CN#3 [01.3]-->

            <ChapterAtom>
              <ChapterUID>1550269654</ChapterUID>
              <ChapterFlagHidden>1</ChapterFlagHidden>
              <ChapterProcess>
                <ChapterProcessCodecID>1</ChapterProcessCodecID>
                <ChapterProcessPrivate format="hex">08 00 01 03 01</ChapterProcessPrivate>
              </ChapterProcess>
              <ChapterTimeStart>01:07:42.400000000</ChapterTimeStart>
              <ChapterTimeEnd>01:13:49.240000000</ChapterTimeEnd>
            </ChapterAtom>
            <ChapterTimeStart>01:07:42.400000000</ChapterTimeStart>
          </ChapterAtom>
          <!--Program PGN# 4 in this PGC-->

          <ChapterAtom>
            <ChapterUID>264187668</ChapterUID>
            <ChapterFlagHidden>1</ChapterFlagHidden>
            <ChapterProcess>
              <ChapterProcessCodecID>1</ChapterProcessCodecID>
              <ChapterProcessPrivate format="hex">18 00 04</ChapterProcessPrivate>
            </ChapterProcess>
            <!--Chapter PTT#4 [01.04]-->

            <ChapterAtom>
              <!--Enter your text here-->

              <ChapterDisplay>
                <ChapterString>Your Name Here For Chapter #1.4</ChapterString>
              </ChapterDisplay>
              <ChapterUID>1792410750</ChapterUID>
              <ChapterProcess>
                <ChapterProcessCodecID>1</ChapterProcessCodecID>
                <ChapterProcessPrivate format="hex">10 04</ChapterProcessPrivate>
              </ChapterProcess>
              <ChapterTimeStart>00:26:32.920000000</ChapterTimeStart>
            </ChapterAtom>
            <!--Program Entry Cell CN#4 [01.4]-->

            <ChapterAtom>
              <ChapterUID>1110267100</ChapterUID>
              <ChapterFlagHidden>1</ChapterFlagHidden>
              <ChapterProcess>
                <ChapterProcessCodecID>1</ChapterProcessCodecID>
                <ChapterProcessPrivate format="hex">08 00 01 04 01</ChapterProcessPrivate>
              </ChapterProcess>
              <ChapterTimeStart>00:26:32.920000000</ChapterTimeStart>
              <ChapterTimeEnd>00:30:09.400000000</ChapterTimeEnd>
            </ChapterAtom>
            <ChapterTimeStart>00:26:32.920000000</ChapterTimeStart>
          </ChapterAtom>
          <!--Program PGN# 5 in this PGC-->

          <ChapterAtom>
            <ChapterUID>915279206</ChapterUID>
            <ChapterFlagHidden>1</ChapterFlagHidden>
            <ChapterProcess>
              <ChapterProcessCodecID>1</ChapterProcessCodecID>
              <ChapterProcessPrivate format="hex">18 00 05</ChapterProcessPrivate>
            </ChapterProcess>
            <!--Chapter PTT#5 [01.05]-->

            <ChapterAtom>
              <!--Enter your text here-->

              <ChapterDisplay>
                <ChapterString>Your Name Here For Chapter #1.5</ChapterString>
              </ChapterDisplay>
              <ChapterUID>2038658543</ChapterUID>
              <ChapterProcess>
                <ChapterProcessCodecID>1</ChapterProcessCodecID>
                <ChapterProcessPrivate format="hex">10 05</ChapterProcessPrivate>
              </ChapterProcess>
              <ChapterTimeStart>01:01:09.080000000</ChapterTimeStart>
            </ChapterAtom>
            <!--Program Entry Cell CN#5 [01.5]-->

            <ChapterAtom>
              <ChapterUID>1180118089</ChapterUID>
              <ChapterFlagHidden>1</ChapterFlagHidden>
              <ChapterProcess>
                <ChapterProcessCodecID>1</ChapterProcessCodecID>
                <ChapterProcessPrivate format="hex">08 00 01 05 01</ChapterProcessPrivate>
              </ChapterProcess>
              <ChapterTimeStart>01:01:09.080000000</ChapterTimeStart>
              <ChapterTimeEnd>01:07:42.400000000</ChapterTimeEnd>
            </ChapterAtom>
            <ChapterTimeStart>01:01:09.080000000</ChapterTimeStart>
          </ChapterAtom>
          <!--Program PGN# 6 in this PGC-->

          <ChapterAtom>
            <ChapterUID>1013002239</ChapterUID>
            <ChapterFlagHidden>1</ChapterFlagHidden>
            <ChapterProcess>
              <ChapterProcessCodecID>1</ChapterProcessCodecID>
              <ChapterProcessPrivate format="hex">18 00 06</ChapterProcessPrivate>
            </ChapterProcess>
            <!--Chapter PTT#6 [01.06]-->

            <ChapterAtom>
              <!--Enter your text here-->

              <ChapterDisplay>
                <ChapterString>Your Name Here For Chapter #1.6</ChapterString>
              </ChapterDisplay>
              <ChapterUID>1818830991</ChapterUID>
              <ChapterProcess>
                <ChapterProcessCodecID>1</ChapterProcessCodecID>
                <ChapterProcessPrivate format="hex">10 06</ChapterProcessPrivate>
              </ChapterProcess>
              <ChapterTimeStart>01:50:03.400000000</ChapterTimeStart>
            </ChapterAtom>
            <!--Program Entry Cell CN#6 [01.6]-->

            <ChapterAtom>
              <ChapterUID>979444429</ChapterUID>
              <ChapterFlagHidden>1</ChapterFlagHidden>
              <ChapterProcess>
                <ChapterProcessCodecID>1</ChapterProcessCodecID>
                <ChapterProcessPrivate format="hex">08 00 01 06 01</ChapterProcessPrivate>
              </ChapterProcess>
              <ChapterTimeStart>01:50:03.400000000</ChapterTimeStart>
              <ChapterTimeEnd>01:58:42.720000000</ChapterTimeEnd>
            </ChapterAtom>
            <ChapterTimeStart>01:50:03.400000000</ChapterTimeStart>
          </ChapterAtom>
          <!--Program PGN# 7 in this PGC-->

          <ChapterAtom>
            <ChapterUID>2110858782</ChapterUID>
            <ChapterFlagHidden>1</ChapterFlagHidden>
            <ChapterProcess>
              <ChapterProcessCodecID>1</ChapterProcessCodecID>
              <ChapterProcessPrivate format="hex">18 00 07</ChapterProcessPrivate>
            </ChapterProcess>
            <!--Chapter PTT#7 [01.07]-->

            <ChapterAtom>
              <!--Enter your text here-->

              <ChapterDisplay>
                <ChapterString>Your Name Here For Chapter #1.7</ChapterString>
              </ChapterDisplay>
              <ChapterUID>1587366044</ChapterUID>
              <ChapterProcess>
                <ChapterProcessCodecID>1</ChapterProcessCodecID>
                <ChapterProcessPrivate format="hex">10 07</ChapterProcessPrivate>
              </ChapterProcess>
              <ChapterTimeStart>02:17:16.080000000</ChapterTimeStart>
            </ChapterAtom>
            <!--Program Entry Cell CN#7 [01.7]-->

            <ChapterAtom>
              <ChapterUID>420897138</ChapterUID>
              <ChapterFlagHidden>1</ChapterFlagHidden>
              <ChapterProcess>
                <ChapterProcessCodecID>1</ChapterProcessCodecID>
                <ChapterProcessPrivate format="hex">08 00 01 07 01</ChapterProcessPrivate>
              </ChapterProcess>
              <ChapterTimeStart>02:17:16.080000000</ChapterTimeStart>
              <ChapterTimeEnd>02:21:11.720000000</ChapterTimeEnd>
            </ChapterAtom>
            <ChapterTimeStart>02:17:16.080000000</ChapterTimeStart>
          </ChapterAtom>
          <!--Program PGN# 8 in this PGC-->

          <ChapterAtom>
            <ChapterUID>1802646246</ChapterUID>
            <ChapterFlagHidden>1</ChapterFlagHidden>
            <ChapterProcess>
              <ChapterProcessCodecID>1</ChapterProcessCodecID>
              <ChapterProcessPrivate format="hex">18 00 08</ChapterProcessPrivate>
            </ChapterProcess>
            <!--Chapter PTT#8 [01.08]-->

            <ChapterAtom>
              <!--Enter your text here-->

              <ChapterDisplay>
                <ChapterString>Your Name Here For Chapter #1.8</ChapterString>
              </ChapterDisplay>
              <ChapterUID>1075671536</ChapterUID>
              <ChapterProcess>
                <ChapterProcessCodecID>1</ChapterProcessCodecID>
                <ChapterProcessPrivate format="hex">10 08</ChapterProcessPrivate>
              </ChapterProcess>
              <ChapterTimeStart>02:40:59.320000000</ChapterTimeStart>
            </ChapterAtom>
            <!--Program Entry Cell CN#8 [01.8]-->

            <ChapterAtom>
              <ChapterUID>59014991</ChapterUID>
              <ChapterFlagHidden>1</ChapterFlagHidden>
              <ChapterProcess>
                <ChapterProcessCodecID>1</ChapterProcessCodecID>
                <ChapterProcessPrivate format="hex">08 00 01 08 01</ChapterProcessPrivate>
              </ChapterProcess>
              <ChapterTimeStart>02:40:59.320000000</ChapterTimeStart>
              <ChapterTimeEnd>02:47:35.080000000</ChapterTimeEnd>
            </ChapterAtom>
            <ChapterTimeStart>02:40:59.320000000</ChapterTimeStart>
          </ChapterAtom>
          <ChapterTimeStart>00:26:32.920000000</ChapterTimeStart>
        </ChapterAtom>
        <ChapterTimeStart>00:26:32.920000000</ChapterTimeStart>
      </ChapterAtom>
      <!--Title TTU_2-->

      <ChapterAtom>
        <ChapterUID>1229588087</ChapterUID>
        <ChapterFlagHidden>1</ChapterFlagHidden>
        <ChapterProcess>
          <ChapterProcessCodecID>1</ChapterProcessCodecID>
          <ChapterProcessPrivate format="hex">28 00 03 02</ChapterProcessPrivate>
        </ChapterProcess>
        <!--PGC PGC_2 type 0x00 = Basic PGC-->

        <ChapterAtom>
          <ChapterUID>1140988119</ChapterUID>
          <ChapterFlagHidden>1</ChapterFlagHidden>
          <ChapterProcess>
            <ChapterProcessCodecID>1</ChapterProcessCodecID>
            <ChapterProcessPrivate format="hex">20 00 02 00 00 40 00 00</ChapterProcessPrivate>
            <!--Pre commands-->

            <ChapterProcessCommand>
              <ChapterProcessTime>1</ChapterProcessTime>
              <ChapterProcessData format="hex">03 30 28 00 00 01 00 00 01 71 00 00 0c 00 0c 00 00 41 00 00 8f 8e 00 00 00</ChapterProcessData>
            </ChapterProcessCommand>
            <!--Post commands-->

            <ChapterProcessCommand>
              <ChapterProcessTime>2</ChapterProcessTime>
              <ChapterProcessData format="hex">03 71 00 00 0c 00 16 00 00 71 00 00 08 00 01 00 00 30 08 00 00 01 83 00 00</ChapterProcessData>
            </ChapterProcessCommand>
          </ChapterProcess>
          <!--Program PGN# 1 in this PGC-->

          <ChapterAtom>
            <ChapterUID>1810387001</ChapterUID>
            <ChapterFlagHidden>1</ChapterFlagHidden>
            <ChapterProcess>
              <ChapterProcessCodecID>1</ChapterProcessCodecID>
              <ChapterProcessPrivate format="hex">18 00 01</ChapterProcessPrivate>
            </ChapterProcess>
            <!--Chapter PTT#1 [02.01]-->

            <ChapterAtom>
              <!--Enter your text here-->

              <ChapterDisplay>
                <ChapterString>Your Name Here For Chapter #2.1</ChapterString>
              </ChapterDisplay>
              <ChapterUID>1412176211</ChapterUID>
              <ChapterProcess>
                <ChapterProcessCodecID>1</ChapterProcessCodecID>
                <ChapterProcessPrivate format="hex">10 01</ChapterProcessPrivate>
              </ChapterProcess>
              <ChapterTimeStart>00:49:00.920000000</ChapterTimeStart>
            </ChapterAtom>
            <!--Program Entry Cell CN#1 [03.1]-->

            <ChapterAtom>
              <ChapterUID>1808469961</ChapterUID>
              <ChapterFlagHidden>1</ChapterFlagHidden>
              <ChapterProcess>
                <ChapterProcessCodecID>1</ChapterProcessCodecID>
                <ChapterProcessPrivate format="hex">08 00 03 01 01</ChapterProcessPrivate>
              </ChapterProcess>
              <ChapterTimeStart>00:49:00.920000000</ChapterTimeStart>
              <ChapterTimeEnd>00:54:42.000000000</ChapterTimeEnd>
            </ChapterAtom>
            <ChapterTimeStart>00:49:00.920000000</ChapterTimeStart>
          </ChapterAtom>
          <!--Program PGN# 2 in this PGC-->

          <ChapterAtom>
            <ChapterUID>236085022</ChapterUID>
            <ChapterFlagHidden>1</ChapterFlagHidden>
            <ChapterProcess>
              <ChapterProcessCodecID>1</ChapterProcessCodecID>
              <ChapterProcessPrivate format="hex">18 00 02</ChapterProcessPrivate>
            </ChapterProcess>
            <!--Chapter PTT#2 [02.02]-->

            <ChapterAtom>
              <!--Enter your text here-->

              <ChapterDisplay>
                <ChapterString>Your Name Here For Chapter #2.2</ChapterString>
              </ChapterDisplay>
              <ChapterUID>674461812</ChapterUID>
              <ChapterProcess>
                <ChapterProcessCodecID>1</ChapterProcessCodecID>
                <ChapterProcessPrivate format="hex">10 02</ChapterProcessPrivate>
              </ChapterProcess>
              <ChapterTimeStart>00:58:14.640000000</ChapterTimeStart>
            </ChapterAtom>
            <!--Program Entry Cell CN#2 [03.2]-->

            <ChapterAtom>
              <ChapterUID>614345484</ChapterUID>
              <ChapterFlagHidden>1</ChapterFlagHidden>
              <ChapterProcess>
                <ChapterProcessCodecID>1</ChapterProcessCodecID>
                <ChapterProcessPrivate format="hex">08 00 03 02 01</ChapterProcessPrivate>
              </ChapterProcess>
              <ChapterTimeStart>00:58:14.640000000</ChapterTimeStart>
              <ChapterTimeEnd>01:01:09.080000000</ChapterTimeEnd>
            </ChapterAtom>
            <ChapterTimeStart>00:58:14.640000000</ChapterTimeStart>
          </ChapterAtom>
          <!--Program PGN# 3 in this PGC-->

          <ChapterAtom>
            <ChapterUID>301227477</ChapterUID>
            <ChapterFlagHidden>1</ChapterFlagHidden>
            <ChapterProcess>
              <ChapterProcessCodecID>1</ChapterProcessCodecID>
              <ChapterProcessPrivate format="hex">18 00 03</ChapterProcessPrivate>
            </ChapterProcess>
            <!--Chapter PTT#3 [02.03]-->

            <ChapterAtom>
              <!--Enter your text here-->

              <ChapterDisplay>
                <ChapterString>Your Name Here For Chapter #2.3</ChapterString>
              </ChapterDisplay>
              <ChapterUID>1792301727</ChapterUID>
              <ChapterProcess>
                <ChapterProcessCodecID>1</ChapterProcessCodecID>
                <ChapterProcessPrivate format="hex">10 03</ChapterProcessPrivate>
              </ChapterProcess>
              <ChapterTimeStart>02:34:57.840000000</ChapterTimeStart>
            </ChapterAtom>
            <!--Program Entry Cell CN#3 [03.3]-->

            <ChapterAtom>
              <ChapterUID>1288986532</ChapterUID>
              <ChapterFlagHidden>1</ChapterFlagHidden>
              <ChapterProcess>
                <ChapterProcessCodecID>1</ChapterProcessCodecID>
                <ChapterProcessPrivate format="hex">08 00 03 03 01</ChapterProcessPrivate>
              </ChapterProcess>
              <ChapterTimeStart>02:34:57.840000000</ChapterTimeStart>
              <ChapterTimeEnd>02:40:59.320000000</ChapterTimeEnd>
            </ChapterAtom>
            <ChapterTimeStart>02:34:57.840000000</ChapterTimeStart>
          </ChapterAtom>
          <!--Program PGN# 4 in this PGC-->

          <ChapterAtom>
            <ChapterUID>542708350</ChapterUID>
            <ChapterFlagHidden>1</ChapterFlagHidden>
            <ChapterProcess>
              <ChapterProcessCodecID>1</ChapterProcessCodecID>
              <ChapterProcessPrivate format="hex">18 00 04</ChapterProcessPrivate>
            </ChapterProcess>
            <!--Chapter PTT#4 [02.04]-->

            <ChapterAtom>
              <!--Enter your text here-->

              <ChapterDisplay>
                <ChapterString>Your Name Here For Chapter #2.4</ChapterString>
              </ChapterDisplay>
              <ChapterUID>3475407</ChapterUID>
              <ChapterProcess>
                <ChapterProcessCodecID>1</ChapterProcessCodecID>
                <ChapterProcessPrivate format="hex">10 04</ChapterProcessPrivate>
              </ChapterProcess>
              <ChapterTimeStart>01:13:49.240000000</ChapterTimeStart>
            </ChapterAtom>
            <!--Program Entry Cell CN#4 [03.4]-->

            <ChapterAtom>
              <ChapterUID>1731357986</ChapterUID>
              <ChapterFlagHidden>1</ChapterFlagHidden>
              <ChapterProcess>
                <ChapterProcessCodecID>1</ChapterProcessCodecID>
                <ChapterProcessPrivate format="hex">08 00 03 04 01</ChapterProcessPrivate>
              </ChapterProcess>
              <ChapterTimeStart>01:13:49.240000000</ChapterTimeStart>
              <ChapterTimeEnd>01:19:44.680000000</ChapterTimeEnd>
            </ChapterAtom>
            <ChapterTimeStart>01:13:49.240000000</ChapterTimeStart>
          </ChapterAtom>
          <!--Program PGN# 5 in this PGC-->

          <ChapterAtom>
            <ChapterUID>452202188</ChapterUID>
            <ChapterFlagHidden>1</ChapterFlagHidden>
            <ChapterProcess>
              <ChapterProcessCodecID>1</ChapterProcessCodecID>
              <ChapterProcessPrivate format="hex">18 00 05</ChapterProcessPrivate>
            </ChapterProcess>
            <!--Chapter PTT#5 [02.05]-->

            <ChapterAtom>
              <!--Enter your text here-->

              <ChapterDisplay>
                <ChapterString>Your Name Here For Chapter #2.5</ChapterString>
              </ChapterDisplay>
              <ChapterUID>1187971539</ChapterUID>
              <ChapterProcess>
                <ChapterProcessCodecID>1</ChapterProcessCodecID>
                <ChapterProcessPrivate format="hex">10 05</ChapterProcessPrivate>
              </ChapterProcess>
              <ChapterTimeStart>00:33:21.560000000</ChapterTimeStart>
            </ChapterAtom>
            <!--Program Entry Cell CN#5 [03.5]-->

            <ChapterAtom>
              <ChapterUID>244333101</ChapterUID>
              <ChapterFlagHidden>1</ChapterFlagHidden>
              <ChapterProcess>
                <ChapterProcessCodecID>1</ChapterProcessCodecID>
                <ChapterProcessPrivate format="hex">08 00 03 05 01</ChapterProcessPrivate>
              </ChapterProcess>
              <ChapterTimeStart>00:33:21.560000000</ChapterTimeStart>
              <ChapterTimeEnd>00:36:10.680000000</ChapterTimeEnd>
            </ChapterAtom>
            <ChapterTimeStart>00:33:21.560000000</ChapterTimeStart>
          </ChapterAtom>
          <!--Program PGN# 6 in this PGC-->

          <ChapterAtom>
            <ChapterUID>1615353811</ChapterUID>
            <ChapterFlagHidden>1</ChapterFlagHidden>
            <ChapterProcess>
              <ChapterProcessCodecID>1</ChapterProcessCodecID>
              <ChapterProcessPrivate format="hex">18 00 06</ChapterProcessPrivate>
            </ChapterProcess>
            <!--Chapter PTT#6 [02.06]-->

            <ChapterAtom>
              <!--Enter your text here-->

              <ChapterDisplay>
                <ChapterString>Your Name Here For Chapter #2.6</ChapterString>
              </ChapterDisplay>
              <ChapterUID>1167001973</ChapterUID>
              <ChapterProcess>
                <ChapterProcessCodecID>1</ChapterProcessCodecID>
                <ChapterProcessPrivate format="hex">10 06</ChapterProcessPrivate>
              </ChapterProcess>
              <ChapterTimeStart>01:44:19.760000000</ChapterTimeStart>
            </ChapterAtom>
            <!--Program Entry Cell CN#6 [03.6]-->

            <ChapterAtom>
              <ChapterUID>937826777</ChapterUID>
              <ChapterFlagHidden>1</ChapterFlagHidden>
              <ChapterProcess>
                <ChapterProcessCodecID>1</ChapterProcessCodecID>
                <ChapterProcessPrivate format="hex">08 00 03 06 01</ChapterProcessPrivate>
              </ChapterProcess>
              <ChapterTimeStart>01:44:19.760000000</ChapterTimeStart>
              <ChapterTimeEnd>01:50:03.400000000</ChapterTimeEnd>
            </ChapterAtom>
            <ChapterTimeStart>01:44:19.760000000</ChapterTimeStart>
          </ChapterAtom>
          <!--Program PGN# 7 in this PGC-->

          <ChapterAtom>
            <ChapterUID>1495082282</ChapterUID>
            <ChapterFlagHidden>1</ChapterFlagHidden>
            <ChapterProcess>
              <ChapterProcessCodecID>1</ChapterProcessCodecID>
              <ChapterProcessPrivate format="hex">18 00 07</ChapterProcessPrivate>
            </ChapterProcess>
            <!--Chapter PTT#7 [02.07]-->

            <ChapterAtom>
              <!--Enter your text here-->

              <ChapterDisplay>
                <ChapterString>Your Name Here For Chapter #2.7</ChapterString>
              </ChapterDisplay>
              <ChapterUID>937762240</ChapterUID>
              <ChapterProcess>
                <ChapterProcessCodecID>1</ChapterProcessCodecID>
                <ChapterProcessPrivate format="hex">10 07</ChapterProcessPrivate>
              </ChapterProcess>
              <ChapterTimeStart>02:03:30.720000000</ChapterTimeStart>
            </ChapterAtom>
            <!--Program Entry Cell CN#7 [03.7]-->

            <ChapterAtom>
              <ChapterUID>1240941611</ChapterUID>
              <ChapterFlagHidden>1</ChapterFlagHidden>
              <ChapterProcess>
                <ChapterProcessCodecID>1</ChapterProcessCodecID>
                <ChapterProcessPrivate format="hex">08 00 03 07 01</ChapterProcessPrivate>
              </ChapterProcess>
              <ChapterTimeStart>02:03:30.720000000</ChapterTimeStart>
              <ChapterTimeEnd>02:10:26.520000000</ChapterTimeEnd>
            </ChapterAtom>
            <ChapterTimeStart>02:03:30.720000000</ChapterTimeStart>
          </ChapterAtom>
          <!--Program PGN# 8 in this PGC-->

          <ChapterAtom>
            <ChapterUID>1350046849</ChapterUID>
            <ChapterFlagHidden>1</ChapterFlagHidden>
            <ChapterProcess>
              <ChapterProcessCodecID>1</ChapterProcessCodecID>
              <ChapterProcessPrivate format="hex">18 00 08</ChapterProcessPrivate>
            </ChapterProcess>
            <!--Chapter PTT#8 [02.08]-->

            <ChapterAtom>
              <!--Enter your text here-->

              <ChapterDisplay>
                <ChapterString>Your Name Here For Chapter #2.8</ChapterString>
              </ChapterDisplay>
              <ChapterUID>1082620740</ChapterUID>
              <ChapterProcess>
                <ChapterProcessCodecID>1</ChapterProcessCodecID>
                <ChapterProcessPrivate format="hex">10 08</ChapterProcessPrivate>
              </ChapterProcess>
              <ChapterTimeStart>02:21:11.720000000</ChapterTimeStart>
            </ChapterAtom>
            <!--Program Entry Cell CN#8 [03.8]-->

            <ChapterAtom>
              <ChapterUID>1494120031</ChapterUID>
              <ChapterFlagHidden>1</ChapterFlagHidden>
              <ChapterProcess>
                <ChapterProcessCodecID>1</ChapterProcessCodecID>
                <ChapterProcessPrivate format="hex">08 00 03 08 01</ChapterProcessPrivate>
              </ChapterProcess>
              <ChapterTimeStart>02:21:11.720000000</ChapterTimeStart>
              <ChapterTimeEnd>02:28:59.720000000</ChapterTimeEnd>
            </ChapterAtom>
            <ChapterTimeStart>02:21:11.720000000</ChapterTimeStart>
          </ChapterAtom>
          <ChapterTimeStart>00:33:21.560000000</ChapterTimeStart>
        </ChapterAtom>
        <ChapterTimeStart>00:33:21.560000000</ChapterTimeStart>
      </ChapterAtom>
      <!--Title TTU_3-->

      <ChapterAtom>
        <ChapterUID>407907072</ChapterUID>
        <ChapterFlagHidden>1</ChapterFlagHidden>
        <ChapterProcess>
          <ChapterProcessCodecID>1</ChapterProcessCodecID>
          <ChapterProcessPrivate format="hex">28 00 04 03</ChapterProcessPrivate>
        </ChapterProcess>
        <!--PGC PGC_3 type 0x00 = Basic PGC-->

        <ChapterAtom>
          <ChapterUID>383024993</ChapterUID>
          <ChapterFlagHidden>1</ChapterFlagHidden>
          <ChapterProcess>
            <ChapterProcessCodecID>1</ChapterProcessCodecID>
            <ChapterProcessPrivate format="hex">20 00 03 00 00 40 00 00</ChapterProcessPrivate>
            <!--Pre commands-->

            <ChapterProcessCommand>
              <ChapterProcessTime>1</ChapterProcessTime>
              <ChapterProcessData format="hex">03 30 28 00 00 01 00 00 01 71 00 00 0c 00 0d 00 00 41 00 00 8f 8e 00 00 00</ChapterProcessData>
            </ChapterProcessCommand>
            <!--Post commands-->

            <ChapterProcessCommand>
              <ChapterProcessTime>2</ChapterProcessTime>
              <ChapterProcessData format="hex">03 71 00 00 0c 00 17 00 00 71 00 00 08 00 01 00 00 30 08 00 00 01 83 00 00</ChapterProcessData>
            </ChapterProcessCommand>
          </ChapterProcess>
          <!--Program PGN# 1 in this PGC-->

          <ChapterAtom>
            <ChapterUID>982351806</ChapterUID>
            <ChapterFlagHidden>1</ChapterFlagHidden>
            <ChapterProcess>
              <ChapterProcessCodecID>1</ChapterProcessCodecID>
              <ChapterProcessPrivate format="hex">18 00 01</ChapterProcessPrivate>
            </ChapterProcess>
            <!--Chapter PTT#1 [03.01]-->

            <ChapterAtom>
              <!--Enter your text here-->

              <ChapterDisplay>
                <ChapterString>Your Name Here For Chapter #3.1</ChapterString>
              </ChapterDisplay>
              <ChapterUID>209408005</ChapterUID>
              <ChapterProcess>
                <ChapterProcessCodecID>1</ChapterProcessCodecID>
                <ChapterProcessPrivate format="hex">10 01</ChapterProcessPrivate>
              </ChapterProcess>
              <ChapterTimeStart>02:47:35.080000000</ChapterTimeStart>
            </ChapterAtom>
            <!--Program Entry Cell CN#1 [02.1]-->

            <ChapterAtom>
              <ChapterUID>202717191</ChapterUID>
              <ChapterFlagHidden>1</ChapterFlagHidden>
              <ChapterProcess>
                <ChapterProcessCodecID>1</ChapterProcessCodecID>
                <ChapterProcessPrivate format="hex">08 00 02 01 01</ChapterProcessPrivate>
              </ChapterProcess>
              <ChapterTimeStart>02:47:35.080000000</ChapterTimeStart>
              <ChapterTimeEnd>02:51:54.400000000</ChapterTimeEnd>
            </ChapterAtom>
            <ChapterTimeStart>02:47:35.080000000</ChapterTimeStart>
          </ChapterAtom>
          <!--Program PGN# 2 in this PGC-->

          <ChapterAtom>
            <ChapterUID>2000356915</ChapterUID>
            <ChapterFlagHidden>1</ChapterFlagHidden>
            <ChapterProcess>
              <ChapterProcessCodecID>1</ChapterProcessCodecID>
              <ChapterProcessPrivate format="hex">18 00 02</ChapterProcessPrivate>
            </ChapterProcess>
            <!--Chapter PTT#2 [03.02]-->

            <ChapterAtom>
              <!--Enter your text here-->

              <ChapterDisplay>
                <ChapterString>Your Name Here For Chapter #3.2</ChapterString>
              </ChapterDisplay>
              <ChapterUID>1921131807</ChapterUID>
              <ChapterProcess>
                <ChapterProcessCodecID>1</ChapterProcessCodecID>
                <ChapterProcessPrivate format="hex">10 02</ChapterProcessPrivate>
              </ChapterProcess>
              <ChapterTimeStart>01:36:15.920000000</ChapterTimeStart>
            </ChapterAtom>
            <!--Program Entry Cell CN#2 [02.2]-->

            <ChapterAtom>
              <ChapterUID>488137328</ChapterUID>
              <ChapterFlagHidden>1</ChapterFlagHidden>
              <ChapterProcess>
                <ChapterProcessCodecID>1</ChapterProcessCodecID>
                <ChapterProcessPrivate format="hex">08 00 02 02 01</ChapterProcessPrivate>
              </ChapterProcess>
              <ChapterTimeStart>01:36:15.920000000</ChapterTimeStart>
              <ChapterTimeEnd>01:40:57.960000000</ChapterTimeEnd>
            </ChapterAtom>
            <ChapterTimeStart>01:36:15.920000000</ChapterTimeStart>
          </ChapterAtom>
          <!--Program PGN# 3 in this PGC-->

          <ChapterAtom>
            <ChapterUID>881990106</ChapterUID>
            <ChapterFlagHidden>1</ChapterFlagHidden>
            <ChapterProcess>
              <ChapterProcessCodecID>1</ChapterProcessCodecID>
              <ChapterProcessPrivate format="hex">18 00 03</ChapterProcessPrivate>
            </ChapterProcess>
            <!--Chapter PTT#3 [03.03]-->

            <ChapterAtom>
              <!--Enter your text here-->

              <ChapterDisplay>
                <ChapterString>Your Name Here For Chapter #3.3</ChapterString>
              </ChapterDisplay>
              <ChapterUID>1348750676</ChapterUID>
              <ChapterProcess>
                <ChapterProcessCodecID>1</ChapterProcessCodecID>
                <ChapterProcessPrivate format="hex">10 03</ChapterProcessPrivate>
              </ChapterProcess>
              <ChapterTimeStart>00:00:00.000000000</ChapterTimeStart>
            </ChapterAtom>
            <!--Program Entry Cell CN#3 [02.3]-->

            <ChapterAtom>
              <ChapterUID>969817009</ChapterUID>
              <ChapterFlagHidden>1</ChapterFlagHidden>
              <ChapterProcess>
                <ChapterProcessCodecID>1</ChapterProcessCodecID>
                <ChapterProcessPrivate format="hex">08 00 02 03 01</ChapterProcessPrivate>
              </ChapterProcess>
              <ChapterTimeStart>00:00:00.000000000</ChapterTimeStart>
              <ChapterTimeEnd>00:03:27.200000000</ChapterTimeEnd>
            </ChapterAtom>
            <ChapterTimeStart>00:00:00.000000000</ChapterTimeStart>
          </ChapterAtom>
          <!--Program PGN# 4 in this PGC-->

          <ChapterAtom>
            <ChapterUID>1283805502</ChapterUID>
            <ChapterFlagHidden>1</ChapterFlagHidden>
            <ChapterProcess>
              <ChapterProcessCodecID>1</ChapterProcessCodecID>
              <ChapterProcessPrivate format="hex">18 00 04</ChapterProcessPrivate>
            </ChapterProcess>
            <!--Chapter PTT#4 [03.04]-->

            <ChapterAtom>
              <!--Enter your text here-->

              <ChapterDisplay>
                <ChapterString>Your Name Here For Chapter #3.4</ChapterString>
              </ChapterDisplay>
              <ChapterUID>1835624981</ChapterUID>
              <ChapterProcess>
                <ChapterProcessCodecID>1</ChapterProcessCodecID>
                <ChapterProcessPrivate format="hex">10 04</ChapterProcessPrivate>
              </ChapterProcess>
              <ChapterTimeStart>02:10:26.520000000</ChapterTimeStart>
            </ChapterAtom>
            <!--Program Entry Cell CN#4 [02.4]-->

            <ChapterAtom>
              <ChapterUID>1341676614</ChapterUID>
              <ChapterFlagHidden>1</ChapterFlagHidden>
              <ChapterProcess>
                <ChapterProcessCodecID>1</ChapterProcessCodecID>
                <ChapterProcessPrivate format="hex">08 00 02 04 01</ChapterProcessPrivate>
              </ChapterProcess>
              <ChapterTimeStart>02:10:26.520000000</ChapterTimeStart>
              <ChapterTimeEnd>02:17:16.080000000</ChapterTimeEnd>
            </ChapterAtom>
            <ChapterTimeStart>02:10:26.520000000</ChapterTimeStart>
          </ChapterAtom>
          <!--Program PGN# 5 in this PGC-->

          <ChapterAtom>
            <ChapterUID>1214918660</ChapterUID>
            <ChapterFlagHidden>1</ChapterFlagHidden>
            <ChapterProcess>
              <ChapterProcessCodecID>1</ChapterProcessCodecID>
              <ChapterProcessPrivate format="hex">18 00 05</ChapterProcessPrivate>
            </ChapterProcess>
            <!--Chapter PTT#5 [03.05]-->

            <ChapterAtom>
              <!--Enter your text here-->

              <ChapterDisplay>
                <ChapterString>Your Name Here For Chapter #3.5</ChapterString>
              </ChapterDisplay>
              <ChapterUID>395730547</ChapterUID>
              <ChapterProcess>
                <ChapterProcessCodecID>1</ChapterProcessCodecID>
                <ChapterProcessPrivate format="hex">10 05</ChapterProcessPrivate>
              </ChapterProcess>
              <ChapterTimeStart>02:28:59.720000000</ChapterTimeStart>
            </ChapterAtom>
            <!--Program Entry Cell CN#5 [02.5]-->

            <ChapterAtom>
              <ChapterUID>1192129497</ChapterUID>
              <ChapterFlagHidden>1</ChapterFlagHidden>
              <ChapterProcess>
                <ChapterProcessCodecID>1</ChapterProcessCodecID>
                <ChapterProcessPrivate format="hex">08 00 02 05 01</ChapterProcessPrivate>
              </ChapterProcess>
              <ChapterTimeStart>02:28:59.720000000</ChapterTimeStart>
              <ChapterTimeEnd>02:34:57.840000000</ChapterTimeEnd>
            </ChapterAtom>
            <ChapterTimeStart>02:28:59.720000000</ChapterTimeStart>
          </ChapterAtom>
          <!--Program PGN# 6 in this PGC-->

          <ChapterAtom>
            <ChapterUID>521541679</ChapterUID>
            <ChapterFlagHidden>1</ChapterFlagHidden>
            <ChapterProcess>
              <ChapterProcessCodecID>1</ChapterProcessCodecID>
              <ChapterProcessPrivate format="hex">18 00 06</ChapterProcessPrivate>
            </ChapterProcess>
            <!--Chapter PTT#6 [03.06]-->

            <ChapterAtom>
              <!--Enter your text here-->

              <ChapterDisplay>
                <ChapterString>Your Name Here For Chapter #3.6</ChapterString>
              </ChapterDisplay>
              <ChapterUID>1298618728</ChapterUID>
              <ChapterProcess>
                <ChapterProcessCodecID>1</ChapterProcessCodecID>
                <ChapterProcessPrivate format="hex">10 06</ChapterProcessPrivate>
              </ChapterProcess>
              <ChapterTimeStart>02:51:54.400000000</ChapterTimeStart>
            </ChapterAtom>
            <!--Program Entry Cell CN#6 [02.6]-->

            <ChapterAtom>
              <ChapterUID>1255419127</ChapterUID>
              <ChapterFlagHidden>1</ChapterFlagHidden>
              <ChapterProcess>
                <ChapterProcessCodecID>1</ChapterProcessCodecID>
                <ChapterProcessPrivate format="hex">08 00 02 06 01</ChapterProcessPrivate>
              </ChapterProcess>
              <ChapterTimeStart>02:51:54.400000000</ChapterTimeStart>
              <ChapterTimeEnd>02:55:12.000000000</ChapterTimeEnd>
            </ChapterAtom>
            <ChapterTimeStart>02:51:54.400000000</ChapterTimeStart>
          </ChapterAtom>
          <!--Program PGN# 7 in this PGC-->

          <ChapterAtom>
            <ChapterUID>1061816906</ChapterUID>
            <ChapterFlagHidden>1</ChapterFlagHidden>
            <ChapterProcess>
              <ChapterProcessCodecID>1</ChapterProcessCodecID>
              <ChapterProcessPrivate format="hex">18 00 07</ChapterProcessPrivate>
            </ChapterProcess>
            <!--Chapter PTT#7 [03.07]-->

            <ChapterAtom>
              <!--Enter your text here-->

              <ChapterDisplay>
                <ChapterString>Your Name Here For Chapter #3.7</ChapterString>
              </ChapterDisplay>
              <ChapterUID>1590709847</ChapterUID>
              <ChapterProcess>
                <ChapterProcessCodecID>1</ChapterProcessCodecID>
                <ChapterProcessPrivate format="hex">10 07</ChapterProcessPrivate>
              </ChapterProcess>
              <ChapterTimeStart>00:43:10.760000000</ChapterTimeStart>
            </ChapterAtom>
            <!--Program Entry Cell CN#7 [02.7]-->

            <ChapterAtom>
              <ChapterUID>1332238454</ChapterUID>
              <ChapterFlagHidden>1</ChapterFlagHidden>
              <ChapterProcess>
                <ChapterProcessCodecID>1</ChapterProcessCodecID>
                <ChapterProcessPrivate format="hex">08 00 02 07 01</ChapterProcessPrivate>
              </ChapterProcess>
              <ChapterTimeStart>00:43:10.760000000</ChapterTimeStart>
              <ChapterTimeEnd>00:49:00.920000000</ChapterTimeEnd>
            </ChapterAtom>
            <ChapterTimeStart>00:43:10.760000000</ChapterTimeStart>
          </ChapterAtom>
          <!--Program PGN# 8 in this PGC-->

          <ChapterAtom>
            <ChapterUID>1727664918</ChapterUID>
            <ChapterFlagHidden>1</ChapterFlagHidden>
            <ChapterProcess>
              <ChapterProcessCodecID>1</ChapterProcessCodecID>
              <ChapterProcessPrivate format="hex">18 00 08</ChapterProcessPrivate>
            </ChapterProcess>
            <!--Chapter PTT#8 [03.08]-->

            <ChapterAtom>
              <!--Enter your text here-->

              <ChapterDisplay>
                <ChapterString>Your Name Here For Chapter #3.8</ChapterString>
              </ChapterDisplay>
              <ChapterUID>1237020433</ChapterUID>
              <ChapterProcess>
                <ChapterProcessCodecID>1</ChapterProcessCodecID>
                <ChapterProcessPrivate format="hex">10 08</ChapterProcessPrivate>
              </ChapterProcess>
              <ChapterTimeStart>01:26:50.920000000</ChapterTimeStart>
            </ChapterAtom>
            <!--Program Entry Cell CN#8 [02.8]-->

            <ChapterAtom>
              <ChapterUID>1957514926</ChapterUID>
              <ChapterFlagHidden>1</ChapterFlagHidden>
              <ChapterProcess>
                <ChapterProcessCodecID>1</ChapterProcessCodecID>
                <ChapterProcessPrivate format="hex">08 00 02 08 01</ChapterProcessPrivate>
              </ChapterProcess>
              <ChapterTimeStart>01:26:50.920000000</ChapterTimeStart>
              <ChapterTimeEnd>01:36:15.920000000</ChapterTimeEnd>
            </ChapterAtom>
            <ChapterTimeStart>01:26:50.920000000</ChapterTimeStart>
          </ChapterAtom>
          <ChapterTimeStart>00:00:00.000000000</ChapterTimeStart>
        </ChapterAtom>
        <ChapterTimeStart>00:00:00.000000000</ChapterTimeStart>
      </ChapterAtom>
      <!--Title TTU_4-->

      <ChapterAtom>
        <ChapterUID>1562641800</ChapterUID>
        <ChapterFlagHidden>1</ChapterFlagHidden>
        <ChapterProcess>
          <ChapterProcessCodecID>1</ChapterProcessCodecID>
          <ChapterProcessPrivate format="hex">28 00 05 04</ChapterProcessPrivate>
        </ChapterProcess>
        <!--PGC PGC_4 type 0x00 = Basic PGC-->

        <ChapterAtom>
          <ChapterUID>1434025214</ChapterUID>
          <ChapterFlagHidden>1</ChapterFlagHidden>
          <ChapterProcess>
            <ChapterProcessCodecID>1</ChapterProcessCodecID>
            <ChapterProcessPrivate format="hex">20 00 04 00 00 40 00 00</ChapterProcessPrivate>
            <!--Pre commands-->

            <ChapterProcessCommand>
              <ChapterProcessTime>1</ChapterProcessTime>
              <ChapterProcessData format="hex">03 30 28 00 00 01 00 00 01 71 00 00 0c 00 0e 00 00 41 00 00 8f 8e 00 00 00</ChapterProcessData>
            </ChapterProcessCommand>
            <!--Post commands-->

            <ChapterProcessCommand>
              <ChapterProcessTime>2</ChapterProcessTime>
              <ChapterProcessData format="hex">03 71 00 00 0c 00 18 00 00 71 00 00 08 00 01 00 00 30 08 00 00 01 83 00 00</ChapterProcessData>
            </ChapterProcessCommand>
          </ChapterProcess>
          <!--Program PGN# 1 in this PGC-->

          <ChapterAtom>
            <ChapterUID>676481243</ChapterUID>
            <ChapterFlagHidden>1</ChapterFlagHidden>
            <ChapterProcess>
              <ChapterProcessCodecID>1</ChapterProcessCodecID>
              <ChapterProcessPrivate format="hex">18 00 01</ChapterProcessPrivate>
            </ChapterProcess>
            <!--Chapter PTT#1 [04.01]-->

            <ChapterAtom>
              <!--Enter your text here-->

              <ChapterDisplay>
                <ChapterString>Your Name Here For Chapter #4.1</ChapterString>
              </ChapterDisplay>
              <ChapterUID>656741955</ChapterUID>
              <ChapterProcess>
                <ChapterProcessCodecID>1</ChapterProcessCodecID>
                <ChapterProcessPrivate format="hex">10 01</ChapterProcessPrivate>
              </ChapterProcess>
              <ChapterTimeStart>00:08:56.760000000</ChapterTimeStart>
            </ChapterAtom>
            <!--Program Entry Cell CN#1 [04.1]-->

            <ChapterAtom>
              <ChapterUID>233140028</ChapterUID>
              <ChapterFlagHidden>1</ChapterFlagHidden>
              <ChapterProcess>
                <ChapterProcessCodecID>1</ChapterProcessCodecID>
                <ChapterProcessPrivate format="hex">08 00 04 01 01</ChapterProcessPrivate>
              </ChapterProcess>
              <ChapterTimeStart>00:08:56.760000000</ChapterTimeStart>
              <ChapterTimeEnd>00:14:52.080000000</ChapterTimeEnd>
            </ChapterAtom>
            <ChapterTimeStart>00:08:56.760000000</ChapterTimeStart>
          </ChapterAtom>
          <!--Program PGN# 2 in this PGC-->

          <ChapterAtom>
            <ChapterUID>1827954501</ChapterUID>
            <ChapterFlagHidden>1</ChapterFlagHidden>
            <ChapterProcess>
              <ChapterProcessCodecID>1</ChapterProcessCodecID>
              <ChapterProcessPrivate format="hex">18 00 02</ChapterProcessPrivate>
            </ChapterProcess>
            <!--Chapter PTT#2 [04.02]-->

            <ChapterAtom>
              <!--Enter your text here-->

              <ChapterDisplay>
                <ChapterString>Your Name Here For Chapter #4.2</ChapterString>
              </ChapterDisplay>
              <ChapterUID>332605912</ChapterUID>
              <ChapterProcess>
                <ChapterProcessCodecID>1</ChapterProcessCodecID>
                <ChapterProcessPrivate format="hex">10 02</ChapterProcessPrivate>
              </ChapterProcess>
              <ChapterTimeStart>00:36:10.680000000</ChapterTimeStart>
            </ChapterAtom>
            <!--Program Entry Cell CN#2 [04.2]-->

            <ChapterAtom>
              <ChapterUID>170396110</ChapterUID>
              <ChapterFlagHidden>1</ChapterFlagHidden>
              <ChapterProcess>
                <ChapterProcessCodecID>1</ChapterProcessCodecID>
                <ChapterProcessPrivate format="hex">08 00 04 02 01</ChapterProcessPrivate>
              </ChapterProcess>
              <ChapterTimeStart>00:36:10.680000000</ChapterTimeStart>
              <ChapterTimeEnd>00:43:10.760000000</ChapterTimeEnd>
            </ChapterAtom>
            <ChapterTimeStart>00:36:10.680000000</ChapterTimeStart>
          </ChapterAtom>
          <!--Program PGN# 3 in this PGC-->

          <ChapterAtom>
            <ChapterUID>1376479477</ChapterUID>
            <ChapterFlagHidden>1</ChapterFlagHidden>
            <ChapterProcess>
              <ChapterProcessCodecID>1</ChapterProcessCodecID>
              <ChapterProcessPrivate format="hex">18 00 03</ChapterProcessPrivate>
            </ChapterProcess>
            <!--Chapter PTT#3 [04.03]-->

            <ChapterAtom>
              <!--Enter your text here-->

              <ChapterDisplay>
                <ChapterString>Your Name Here For Chapter #4.3</ChapterString>
              </ChapterDisplay>
              <ChapterUID>1170553184</ChapterUID>
              <ChapterProcess>
                <ChapterProcessCodecID>1</ChapterProcessCodecID>
                <ChapterProcessPrivate format="hex">10 03</ChapterProcessPrivate>
              </ChapterProcess>
              <ChapterTimeStart>00:20:19.960000000</ChapterTimeStart>
            </ChapterAtom>
            <!--Program Entry Cell CN#3 [04.3]-->

            <ChapterAtom>
              <ChapterUID>878257725</ChapterUID>
              <ChapterFlagHidden>1</ChapterFlagHidden>
              <ChapterProcess>
                <ChapterProcessCodecID>1</ChapterProcessCodecID>
                <ChapterProcessPrivate format="hex">08 00 04 03 01</ChapterProcessPrivate>
              </ChapterProcess>
              <ChapterTimeStart>00:20:19.960000000</ChapterTimeStart>
              <ChapterTimeEnd>00:26:32.920000000</ChapterTimeEnd>
            </ChapterAtom>
            <ChapterTimeStart>00:20:19.960000000</ChapterTimeStart>
          </ChapterAtom>
          <!--Program PGN# 4 in this PGC-->

          <ChapterAtom>
            <ChapterUID>999768103</ChapterUID>
            <ChapterFlagHidden>1</ChapterFlagHidden>
            <ChapterProcess>
              <ChapterProcessCodecID>1</ChapterProcessCodecID>
              <ChapterProcessPrivate format="hex">18 00 04</ChapterProcessPrivate>
            </ChapterProcess>
            <!--Chapter PTT#4 [04.04]-->

            <ChapterAtom>
              <!--Enter your text here-->

              <ChapterDisplay>
                <ChapterString>Your Name Here For Chapter #4.4</ChapterString>
              </ChapterDisplay>
              <ChapterUID>327821657</ChapterUID>
              <ChapterProcess>
                <ChapterProcessCodecID>1</ChapterProcessCodecID>
                <ChapterProcessPrivate format="hex">10 04</ChapterProcessPrivate>
              </ChapterProcess>
              <ChapterTimeStart>00:03:27.200000000</ChapterTimeStart>
            </ChapterAtom>
            <!--Program Entry Cell CN#4 [04.4]-->

            <ChapterAtom>
              <ChapterUID>1584801837</ChapterUID>
              <ChapterFlagHidden>1</ChapterFlagHidden>
              <ChapterProcess>
                <ChapterProcessCodecID>1</ChapterProcessCodecID>
                <ChapterProcessPrivate format="hex">08 00 04 04 01</ChapterProcessPrivate>
              </ChapterProcess>
              <ChapterTimeStart>00:03:27.200000000</ChapterTimeStart>
              <ChapterTimeEnd>00:08:56.760000000</ChapterTimeEnd>
            </ChapterAtom>
            <ChapterTimeStart>00:03:27.200000000</ChapterTimeStart>
          </ChapterAtom>
          <!--Program PGN# 5 in this PGC-->

          <ChapterAtom>
            <ChapterUID>1775270594</ChapterUID>
            <ChapterFlagHidden>1</ChapterFlagHidden>
            <ChapterProcess>
              <ChapterProcessCodecID>1</ChapterProcessCodecID>
              <ChapterProcessPrivate format="hex">18 00 05</ChapterProcessPrivate>
            </ChapterProcess>
            <!--Chapter PTT#5 [04.05]-->

            <ChapterAtom>
              <!--Enter your text here-->

              <ChapterDisplay>
                <ChapterString>Your Name Here For Chapter #4.5</ChapterString>
              </ChapterDisplay>
              <ChapterUID>1875467469</ChapterUID>
              <ChapterProcess>
                <ChapterProcessCodecID>1</ChapterProcessCodecID>
                <ChapterProcessPrivate format="hex">10 05</ChapterProcessPrivate>
              </ChapterProcess>
              <ChapterTimeStart>00:30:09.400000000</ChapterTimeStart>
            </ChapterAtom>
            <!--Program Entry Cell CN#5 [04.5]-->

            <ChapterAtom>
              <ChapterUID>644380884</ChapterUID>
              <ChapterFlagHidden>1</ChapterFlagHidden>
              <ChapterProcess>
                <ChapterProcessCodecID>1</ChapterProcessCodecID>
                <ChapterProcessPrivate format="hex">08 00 04 05 01</ChapterProcessPrivate>
              </ChapterProcess>
              <ChapterTimeStart>00:30:09.400000000</ChapterTimeStart>
              <ChapterTimeEnd>00:33:21.560000000</ChapterTimeEnd>
            </ChapterAtom>
            <ChapterTimeStart>00:30:09.400000000</ChapterTimeStart>
          </ChapterAtom>
          <!--Program PGN# 6 in this PGC-->

          <ChapterAtom>
            <ChapterUID>273221738</ChapterUID>
            <ChapterFlagHidden>1</ChapterFlagHidden>
            <ChapterProcess>
              <ChapterProcessCodecID>1</ChapterProcessCodecID>
              <ChapterProcessPrivate format="hex">18 00 06</ChapterProcessPrivate>
            </ChapterProcess>
            <!--Chapter PTT#6 [04.06]-->

            <ChapterAtom>
              <!--Enter your text here-->

              <ChapterDisplay>
                <ChapterString>Your Name Here For Chapter #4.6</ChapterString>
              </ChapterDisplay>
              <ChapterUID>1685668645</ChapterUID>
              <ChapterProcess>
                <ChapterProcessCodecID>1</ChapterProcessCodecID>
                <ChapterProcessPrivate format="hex">10 06</ChapterProcessPrivate>
              </ChapterProcess>
              <ChapterTimeStart>00:14:52.080000000</ChapterTimeStart>
            </ChapterAtom>
            <!--Program Entry Cell CN#6 [04.6]-->

            <ChapterAtom>
              <ChapterUID>1309178465</ChapterUID>
              <ChapterFlagHidden>1</ChapterFlagHidden>
              <ChapterProcess>
                <ChapterProcessCodecID>1</ChapterProcessCodecID>
                <ChapterProcessPrivate format="hex">08 00 04 06 01</ChapterProcessPrivate>
              </ChapterProcess>
              <ChapterTimeStart>00:14:52.080000000</ChapterTimeStart>
              <ChapterTimeEnd>00:20:19.960000000</ChapterTimeEnd>
            </ChapterAtom>
            <ChapterTimeStart>00:14:52.080000000</ChapterTimeStart>
          </ChapterAtom>
          <!--Program PGN# 7 in this PGC-->

          <ChapterAtom>
            <ChapterUID>155217940</ChapterUID>
            <ChapterFlagHidden>1</ChapterFlagHidden>
            <ChapterProcess>
              <ChapterProcessCodecID>1</ChapterProcessCodecID>
              <ChapterProcessPrivate format="hex">18 00 07</ChapterProcessPrivate>
            </ChapterProcess>
            <!--Chapter PTT#7 [04.07]-->

            <ChapterAtom>
              <!--Enter your text here-->

              <ChapterDisplay>
                <ChapterString>Your Name Here For Chapter #4.7</ChapterString>
              </ChapterDisplay>
              <ChapterUID>1404119355</ChapterUID>
              <ChapterProcess>
                <ChapterProcessCodecID>1</ChapterProcessCodecID>
                <ChapterProcessPrivate format="hex">10 07</ChapterProcessPrivate>
              </ChapterProcess>
              <ChapterTimeStart>01:19:44.680000000</ChapterTimeStart>
            </ChapterAtom>
            <!--Program Entry Cell CN#7 [04.7]-->

            <ChapterAtom>
              <ChapterUID>225067173</ChapterUID>
              <ChapterFlagHidden>1</ChapterFlagHidden>
              <ChapterProcess>
                <ChapterProcessCodecID>1</ChapterProcessCodecID>
                <ChapterProcessPrivate format="hex">08 00 04 07 01</ChapterProcessPrivate>
              </ChapterProcess>
              <ChapterTimeStart>01:19:44.680000000</ChapterTimeStart>
              <ChapterTimeEnd>01:26:50.920000000</ChapterTimeEnd>
            </ChapterAtom>
            <ChapterTimeStart>01:19:44.680000000</ChapterTimeStart>
          </ChapterAtom>
          <!--Program PGN# 8 in this PGC-->

          <ChapterAtom>
            <ChapterUID>487662888</ChapterUID>
            <ChapterFlagHidden>1</ChapterFlagHidden>
            <ChapterProcess>
              <ChapterProcessCodecID>1</ChapterProcessCodecID>
              <ChapterProcessPrivate format="hex">18 00 08</ChapterProcessPrivate>
            </ChapterProcess>
            <!--Chapter PTT#8 [04.08]-->

            <ChapterAtom>
              <!--Enter your text here-->

              <ChapterDisplay>
                <ChapterString>Your Name Here For Chapter #4.8</ChapterString>
              </ChapterDisplay>
              <ChapterUID>1975600780</ChapterUID>
              <ChapterProcess>
                <ChapterProcessCodecID>1</ChapterProcessCodecID>
                <ChapterProcessPrivate format="hex">10 08</ChapterProcessPrivate>
              </ChapterProcess>
              <ChapterTimeStart>01:40:57.960000000</ChapterTimeStart>
            </ChapterAtom>
            <!--Program Entry Cell CN#8 [04.8]-->

            <ChapterAtom>
              <ChapterUID>1423314601</ChapterUID>
              <ChapterFlagHidden>1</ChapterFlagHidden>
              <ChapterProcess>
                <ChapterProcessCodecID>1</ChapterProcessCodecID>
                <ChapterProcessPrivate format="hex">08 00 04 08 01</ChapterProcessPrivate>
              </ChapterProcess>
              <ChapterTimeStart>01:40:57.960000000</ChapterTimeStart>
              <ChapterTimeEnd>01:44:19.760000000</ChapterTimeEnd>
            </ChapterAtom>
            <ChapterTimeStart>01:40:57.960000000</ChapterTimeStart>
          </ChapterAtom>
          <ChapterTimeStart>00:03:27.200000000</ChapterTimeStart>
        </ChapterAtom>
        <ChapterTimeStart>00:03:27.200000000</ChapterTimeStart>
      </ChapterAtom>
      <ChapterTimeStart>00:00:00.000000000</ChapterTimeStart>
    </ChapterAtom>
  </EditionEntry>
</Chapters>
