<?xml version="1.0" encoding="UTF-8" standalone="no"?>
<!DOCTYPE Chapters SYSTEM 'matroskachapters.dtd'>
<!--Created with DVDMenuXtractor: DMX - a fair-use tool 0.9.9-->

<Chapters>
  <EditionEntry>
    <EditionUID>1682138811</EditionUID>
    <EditionFlagOrdered>1</EditionFlagOrdered>
    <!--Video Title Set-->

    <ChapterAtom>
      <ChapterUID>1116415654</ChapterUID>
      <ChapterFlagHidden>1</ChapterFlagHidden>
      <ChapterProcess>
        <ChapterProcessCodecID>1</ChapterProcessCodecID>
        <ChapterProcessPrivate format="hex">30 40 00 01</ChapterProcessPrivate>
      </ChapterProcess>
      <!--Language Units-->

      <ChapterAtom>
        <!--Language: en-->

        <ChapterUID>1881103619</ChapterUID>
        <ChapterProcess>
          <ChapterProcessCodecID>1</ChapterProcessCodecID>
          <ChapterProcessPrivate format="hex">2a 65 6e 00</ChapterProcessPrivate>
        </ChapterProcess>
        <!--Enter your text here-->

        <ChapterDisplay>
          <ChapterString>Language Unit for en</ChapterString>
        </ChapterDisplay>
        <!--PGC PGC_1 type 0x83 = Entry + Root Menu-->

        <ChapterAtom>
          <ChapterUID>2052748925</ChapterUID>
          <!--Enter your text here-->

          <ChapterDisplay>
            <ChapterString>PGC type 0x83 = Entry + Root Menu</ChapterString>
          </ChapterDisplay>
          <ChapterProcess>
            <ChapterProcessCodecID>1</ChapterProcessCodecID>
            <ChapterProcessPrivate format="hex">20 00 01 83 00 40 00 00</ChapterProcessPrivate>
            <!--Pre commands-->

            <ChapterProcessCommand>
              <ChapterProcessTime>1</ChapterProcessTime>
              <ChapterProcessData format="hex">12 30 26 00 00 00 00 00 01 56 00 00 00 1c 00 00 00 71 00 00 0a 64 61 00 00 56 20 00 00 04 00 0a 80 71 00 00 0a 65 73 00 00 56 20 00 00 08 00 0a 80 71 00 00 0a 6e 6c 00 00 56 20 00 00 0c 00 0a 80 71 00 00 0a 64 65 00 00 56 20 00 00 10 00 0a 80 71 00 00 0a 66 72 00 00 56 20 00 00 14 00 0a 80 71 00 00 0a 6e 6f 00 00 56 20 00 00 18 00 0a 80 71 00 00 0a 69 74 00 00 56 20 00 00 20 00 0a 80 71 00 00 0a 73 76 00 00 56 20 00 00 24 00 0a 80</ChapterProcessData>
            </ChapterProcessCommand>
          </ChapterProcess>
          <!--Program PGN# 1 in this PGC-->

          <ChapterAtom>
            <ChapterUID>1158222392</ChapterUID>
            <ChapterFlagHidden>1</ChapterFlagHidden>
            <ChapterProcess>
              <ChapterProcessCodecID>1</ChapterProcessCodecID>
              <ChapterProcessPrivate format="hex">18 00 01</ChapterProcessPrivate>
            </ChapterProcess>
            <!--Program Entry Cell CN#1 [10.1]-->

            <ChapterAtom>
              <ChapterUID>992288287</ChapterUID>
              <ChapterFlagHidden>1</ChapterFlagHidden>
              <ChapterProcess>
                <ChapterProcessCodecID>1</ChapterProcessCodecID>
                <ChapterProcessPrivate format="hex">08 00 0a 01 01</ChapterProcessPrivate>
              </ChapterProcess>
              <!--Infinite loop Still Cell-->

              <ChapterProcess>
                <ChapterProcessCodecID>0</ChapterProcessCodecID>
                <!--Post command: replay this cell-->

                <ChapterProcessCommand>
                  <ChapterProcessTime>2</ChapterProcessTime>
                  <ChapterProcessData format="ascii">GotoAndPlay(2052748925);</ChapterProcessData>
                </ChapterProcessCommand>
              </ChapterProcess>
              <ChapterTimeStart>00:00:30.000000000</ChapterTimeStart>
              <ChapterTimeEnd>00:00:30.480000000</ChapterTimeEnd>
            </ChapterAtom>
            <ChapterTimeStart>00:00:30.000000000</ChapterTimeStart>
          </ChapterAtom>
          <ChapterTimeStart>00:00:30.000000000</ChapterTimeStart>
        </ChapterAtom>
        <!--PGC PGC_2 type 0x00 = Basic PGC-->

        <ChapterAtom>
          <ChapterUID>1851595476</ChapterUID>
          <!--Enter your text here-->

          <ChapterDisplay>
            <ChapterString>PGC type 0x00 = Basic PGC</ChapterString>
          </ChapterDisplay>
          <ChapterProcess>
            <ChapterProcessCodecID>1</ChapterProcessCodecID>
            <ChapterProcessPrivate format="hex">20 00 02 00 00 40 00 00</ChapterProcessPrivate>
            <!--Pre commands-->

            <ChapterProcessCommand>
              <ChapterProcessTime>1</ChapterProcessTime>
              <ChapterProcessData format="hex">03 71 00 00 0b 00 01 00 00 71 00 00 0f 00 00 00 00 71 00 00 0e 00 00 00 00</ChapterProcessData>
            </ChapterProcessCommand>
            <!--Post commands-->

            <ChapterProcessCommand>
              <ChapterProcessTime>2</ChapterProcessTime>
              <ChapterProcessData format="hex">01 30 03 00 00 00 01 00 00</ChapterProcessData>
            </ChapterProcessCommand>
          </ChapterProcess>
          <!--Program PGN# 1 in this PGC-->

          <ChapterAtom>
            <ChapterUID>1674275836</ChapterUID>
            <ChapterFlagHidden>1</ChapterFlagHidden>
            <ChapterProcess>
              <ChapterProcessCodecID>1</ChapterProcessCodecID>
              <ChapterProcessPrivate format="hex">18 00 01</ChapterProcessPrivate>
            </ChapterProcess>
            <!--Program Entry Cell CN#1 [01.1]-->

            <ChapterAtom>
              <ChapterUID>2140569589</ChapterUID>
              <ChapterFlagHidden>1</ChapterFlagHidden>
              <ChapterProcess>
                <ChapterProcessCodecID>1</ChapterProcessCodecID>
                <ChapterProcessPrivate format="hex">08 00 01 01 01</ChapterProcessPrivate>
              </ChapterProcess>
              <!--Still cell (10s)-->

              <ChapterTimeStart>00:00:20.000000000</ChapterTimeStart>
              <ChapterTimeEnd>00:00:30.000000000</ChapterTimeEnd>
            </ChapterAtom>
            <ChapterTimeStart>00:00:20.000000000</ChapterTimeStart>
          </ChapterAtom>
          <ChapterTimeStart>00:00:20.000000000</ChapterTimeStart>
        </ChapterAtom>
        <!--PGC PGC_3 type 0x00 = Basic PGC-->

        <ChapterAtom>
          <ChapterUID>1313157691</ChapterUID>
          <!--Enter your text here-->

          <ChapterDisplay>
            <ChapterString>PGC type 0x00 = Basic PGC</ChapterString>
          </ChapterDisplay>
          <ChapterProcess>
            <ChapterProcessCodecID>1</ChapterProcessCodecID>
            <ChapterProcessPrivate format="hex">20 00 03 00 00 40 00 00</ChapterProcessPrivate>
            <!--Pre commands-->

            <ChapterProcessCommand>
              <ChapterProcessTime>1</ChapterProcessTime>
              <ChapterProcessData format="hex">03 71 00 00 0b 00 02 00 00 71 00 00 0e 00 02 00 00 71 00 00 0f 00 02 00 00</ChapterProcessData>
            </ChapterProcessCommand>
            <!--Post commands-->

            <ChapterProcessCommand>
              <ChapterProcessTime>2</ChapterProcessTime>
              <ChapterProcessData format="hex">01 30 03 00 00 00 01 00 00</ChapterProcessData>
            </ChapterProcessCommand>
          </ChapterProcess>
          <!--Program PGN# 1 in this PGC-->

          <ChapterAtom>
            <ChapterUID>571680269</ChapterUID>
            <ChapterFlagHidden>1</ChapterFlagHidden>
            <ChapterProcess>
              <ChapterProcessCodecID>1</ChapterProcessCodecID>
              <ChapterProcessPrivate format="hex">18 00 01</ChapterProcessPrivate>
            </ChapterProcess>
            <!--Program Entry Cell CN#1 [02.1]-->

            <ChapterAtom>
              <ChapterUID>1804141322</ChapterUID>
              <ChapterFlagHidden>1</ChapterFlagHidden>
              <ChapterProcess>
                <ChapterProcessCodecID>1</ChapterProcessCodecID>
                <ChapterProcessPrivate format="hex">08 00 02 01 01</ChapterProcessPrivate>
              </ChapterProcess>
              <!--Still cell (10s)-->

              <ChapterTimeStart>00:01:20.480000000</ChapterTimeStart>
              <ChapterTimeEnd>00:01:30.480000000</ChapterTimeEnd>
            </ChapterAtom>
            <ChapterTimeStart>00:01:20.480000000</ChapterTimeStart>
          </ChapterAtom>
          <ChapterTimeStart>00:01:20.480000000</ChapterTimeStart>
        </ChapterAtom>
        <!--PGC PGC_4 type 0x00 = Basic PGC-->

        <ChapterAtom>
          <ChapterUID>807144411</ChapterUID>
          <!--Enter your text here-->

          <ChapterDisplay>
            <ChapterString>PGC type 0x00 = Basic PGC</ChapterString>
          </ChapterDisplay>
          <ChapterProcess>
            <ChapterProcessCodecID>1</ChapterProcessCodecID>
            <ChapterProcessPrivate format="hex">20 00 04 00 00 40 00 00</ChapterProcessPrivate>
            <!--Pre commands-->

            <ChapterProcessCommand>
              <ChapterProcessTime>1</ChapterProcessTime>
              <ChapterProcessData format="hex">03 71 00 00 0b 00 03 00 00 71 00 00 0f 00 01 00 00 71 00 00 0e 00 03 00 00</ChapterProcessData>
            </ChapterProcessCommand>
            <!--Post commands-->

            <ChapterProcessCommand>
              <ChapterProcessTime>2</ChapterProcessTime>
              <ChapterProcessData format="hex">01 30 03 00 00 00 01 00 00</ChapterProcessData>
            </ChapterProcessCommand>
          </ChapterProcess>
          <!--Program PGN# 1 in this PGC-->

          <ChapterAtom>
            <ChapterUID>1454245682</ChapterUID>
            <ChapterFlagHidden>1</ChapterFlagHidden>
            <ChapterProcess>
              <ChapterProcessCodecID>1</ChapterProcessCodecID>
              <ChapterProcessPrivate format="hex">18 00 01</ChapterProcessPrivate>
            </ChapterProcess>
            <!--Program Entry Cell CN#1 [03.1]-->

            <ChapterAtom>
              <ChapterUID>18904474</ChapterUID>
              <ChapterFlagHidden>1</ChapterFlagHidden>
              <ChapterProcess>
                <ChapterProcessCodecID>1</ChapterProcessCodecID>
                <ChapterProcessPrivate format="hex">08 00 03 01 01</ChapterProcessPrivate>
              </ChapterProcess>
              <!--Still cell (10s)-->

              <ChapterTimeStart>00:00:40.480000000</ChapterTimeStart>
              <ChapterTimeEnd>00:00:50.480000000</ChapterTimeEnd>
            </ChapterAtom>
            <ChapterTimeStart>00:00:40.480000000</ChapterTimeStart>
          </ChapterAtom>
          <ChapterTimeStart>00:00:40.480000000</ChapterTimeStart>
        </ChapterAtom>
        <!--PGC PGC_5 type 0x00 = Basic PGC-->

        <ChapterAtom>
          <ChapterUID>592454382</ChapterUID>
          <!--Enter your text here-->

          <ChapterDisplay>
            <ChapterString>PGC type 0x00 = Basic PGC</ChapterString>
          </ChapterDisplay>
          <ChapterProcess>
            <ChapterProcessCodecID>1</ChapterProcessCodecID>
            <ChapterProcessPrivate format="hex">20 00 05 00 00 40 00 00</ChapterProcessPrivate>
            <!--Pre commands-->

            <ChapterProcessCommand>
              <ChapterProcessTime>1</ChapterProcessTime>
              <ChapterProcessData format="hex">03 71 00 00 0b 00 04 00 00 71 00 00 0f 00 00 00 00 71 00 00 0e 00 44 00 00</ChapterProcessData>
            </ChapterProcessCommand>
            <!--Post commands-->

            <ChapterProcessCommand>
              <ChapterProcessTime>2</ChapterProcessTime>
              <ChapterProcessData format="hex">01 30 03 00 00 00 01 00 00</ChapterProcessData>
            </ChapterProcessCommand>
          </ChapterProcess>
          <!--Program PGN# 1 in this PGC-->

          <ChapterAtom>
            <ChapterUID>1262508152</ChapterUID>
            <ChapterFlagHidden>1</ChapterFlagHidden>
            <ChapterProcess>
              <ChapterProcessCodecID>1</ChapterProcessCodecID>
              <ChapterProcessPrivate format="hex">18 00 01</ChapterProcessPrivate>
            </ChapterProcess>
            <!--Program Entry Cell CN#1 [04.1]-->

            <ChapterAtom>
              <ChapterUID>1798724861</ChapterUID>
              <ChapterFlagHidden>1</ChapterFlagHidden>
              <ChapterProcess>
                <ChapterProcessCodecID>1</ChapterProcessCodecID>
                <ChapterProcessPrivate format="hex">08 00 04 01 01</ChapterProcessPrivate>
              </ChapterProcess>
              <!--Still cell (10s)-->

              <ChapterTimeStart>00:01:10.480000000</ChapterTimeStart>
              <ChapterTimeEnd>00:01:20.480000000</ChapterTimeEnd>
            </ChapterAtom>
            <ChapterTimeStart>00:01:10.480000000</ChapterTimeStart>
          </ChapterAtom>
          <ChapterTimeStart>00:01:10.480000000</ChapterTimeStart>
        </ChapterAtom>
        <!--PGC PGC_6 type 0x00 = Basic PGC-->

        <ChapterAtom>
          <ChapterUID>1041373769</ChapterUID>
          <!--Enter your text here-->

          <ChapterDisplay>
            <ChapterString>PGC type 0x00 = Basic PGC</ChapterString>
          </ChapterDisplay>
          <ChapterProcess>
            <ChapterProcessCodecID>1</ChapterProcessCodecID>
            <ChapterProcessPrivate format="hex">20 00 06 00 00 40 00 00</ChapterProcessPrivate>
            <!--Pre commands-->

            <ChapterProcessCommand>
              <ChapterProcessTime>1</ChapterProcessTime>
              <ChapterProcessData format="hex">03 71 00 00 0b 00 05 00 00 71 00 00 0f 00 00 00 00 71 00 00 0e 00 45 00 00</ChapterProcessData>
            </ChapterProcessCommand>
            <!--Post commands-->

            <ChapterProcessCommand>
              <ChapterProcessTime>2</ChapterProcessTime>
              <ChapterProcessData format="hex">01 30 03 00 00 00 01 00 00</ChapterProcessData>
            </ChapterProcessCommand>
          </ChapterProcess>
          <!--Program PGN# 1 in this PGC-->

          <ChapterAtom>
            <ChapterUID>1597127670</ChapterUID>
            <ChapterFlagHidden>1</ChapterFlagHidden>
            <ChapterProcess>
              <ChapterProcessCodecID>1</ChapterProcessCodecID>
              <ChapterProcessPrivate format="hex">18 00 01</ChapterProcessPrivate>
            </ChapterProcess>
            <!--Program Entry Cell CN#1 [05.1]-->

            <ChapterAtom>
              <ChapterUID>983464317</ChapterUID>
              <ChapterFlagHidden>1</ChapterFlagHidden>
              <ChapterProcess>
                <ChapterProcessCodecID>1</ChapterProcessCodecID>
                <ChapterProcessPrivate format="hex">08 00 05 01 01</ChapterProcessPrivate>
              </ChapterProcess>
              <!--Still cell (10s)-->

              <ChapterTimeStart>00:00:10.000000000</ChapterTimeStart>
              <ChapterTimeEnd>00:00:20.000000000</ChapterTimeEnd>
            </ChapterAtom>
            <ChapterTimeStart>00:00:10.000000000</ChapterTimeStart>
          </ChapterAtom>
          <ChapterTimeStart>00:00:10.000000000</ChapterTimeStart>
        </ChapterAtom>
        <!--PGC PGC_7 type 0x00 = Basic PGC-->

        <ChapterAtom>
          <ChapterUID>1598623196</ChapterUID>
          <!--Enter your text here-->

          <ChapterDisplay>
            <ChapterString>PGC type 0x00 = Basic PGC</ChapterString>
          </ChapterDisplay>
          <ChapterProcess>
            <ChapterProcessCodecID>1</ChapterProcessCodecID>
            <ChapterProcessPrivate format="hex">20 00 07 00 00 40 00 00</ChapterProcessPrivate>
            <!--Pre commands-->

            <ChapterProcessCommand>
              <ChapterProcessTime>1</ChapterProcessTime>
              <ChapterProcessData format="hex">03 71 00 00 0b 00 06 00 00 71 00 00 0f 00 00 00 00 71 00 00 0e 00 46 00 00</ChapterProcessData>
            </ChapterProcessCommand>
            <!--Post commands-->

            <ChapterProcessCommand>
              <ChapterProcessTime>2</ChapterProcessTime>
              <ChapterProcessData format="hex">01 30 03 00 00 00 01 00 00</ChapterProcessData>
            </ChapterProcessCommand>
          </ChapterProcess>
          <!--Program PGN# 1 in this PGC-->

          <ChapterAtom>
            <ChapterUID>1286418767</ChapterUID>
            <ChapterFlagHidden>1</ChapterFlagHidden>
            <ChapterProcess>
              <ChapterProcessCodecID>1</ChapterProcessCodecID>
              <ChapterProcessPrivate format="hex">18 00 01</ChapterProcessPrivate>
            </ChapterProcess>
            <!--Program Entry Cell CN#1 [06.1]-->

            <ChapterAtom>
              <ChapterUID>1578388978</ChapterUID>
              <ChapterFlagHidden>1</ChapterFlagHidden>
              <ChapterProcess>
                <ChapterProcessCodecID>1</ChapterProcessCodecID>
                <ChapterProcessPrivate format="hex">08 00 06 01 01</ChapterProcessPrivate>
              </ChapterProcess>
              <!--Still cell (10s)-->

              <ChapterTimeStart>00:00:50.480000000</ChapterTimeStart>
              <ChapterTimeEnd>00:01:00.480000000</ChapterTimeEnd>
            </ChapterAtom>
            <ChapterTimeStart>00:00:50.480000000</ChapterTimeStart>
          </ChapterAtom>
          <ChapterTimeStart>00:00:50.480000000</ChapterTimeStart>
        </ChapterAtom>
        <!--PGC PGC_8 type 0x00 = Basic PGC-->

        <ChapterAtom>
          <ChapterUID>1229205056</ChapterUID>
          <!--Enter your text here-->

          <ChapterDisplay>
            <ChapterString>PGC type 0x00 = Basic PGC</ChapterString>
          </ChapterDisplay>
          <ChapterProcess>
            <ChapterProcessCodecID>1</ChapterProcessCodecID>
            <ChapterProcessPrivate format="hex">20 00 08 00 00 40 00 00</ChapterProcessPrivate>
            <!--Pre commands-->

            <ChapterProcessCommand>
              <ChapterProcessTime>1</ChapterProcessTime>
              <ChapterProcessData format="hex">03 71 00 00 0b 00 07 00 00 71 00 00 0f 00 00 00 00 71 00 00 0e 00 47 00 00</ChapterProcessData>
            </ChapterProcessCommand>
            <!--Post commands-->

            <ChapterProcessCommand>
              <ChapterProcessTime>2</ChapterProcessTime>
              <ChapterProcessData format="hex">01 30 03 00 00 00 01 00 00</ChapterProcessData>
            </ChapterProcessCommand>
          </ChapterProcess>
          <!--Program PGN# 1 in this PGC-->

          <ChapterAtom>
            <ChapterUID>325459152</ChapterUID>
            <ChapterFlagHidden>1</ChapterFlagHidden>
            <ChapterProcess>
              <ChapterProcessCodecID>1</ChapterProcessCodecID>
              <ChapterProcessPrivate format="hex">18 00 01</ChapterProcessPrivate>
            </ChapterProcess>
            <!--Program Entry Cell CN#1 [07.1]-->

            <ChapterAtom>
              <ChapterUID>913008324</ChapterUID>
              <ChapterFlagHidden>1</ChapterFlagHidden>
              <ChapterProcess>
                <ChapterProcessCodecID>1</ChapterProcessCodecID>
                <ChapterProcessPrivate format="hex">08 00 07 01 01</ChapterProcessPrivate>
              </ChapterProcess>
              <!--Still cell (10s)-->

              <ChapterTimeStart>00:01:00.480000000</ChapterTimeStart>
              <ChapterTimeEnd>00:01:10.480000000</ChapterTimeEnd>
            </ChapterAtom>
            <ChapterTimeStart>00:01:00.480000000</ChapterTimeStart>
          </ChapterAtom>
          <ChapterTimeStart>00:01:00.480000000</ChapterTimeStart>
        </ChapterAtom>
        <!--PGC PGC_9 type 0x00 = Basic PGC-->

        <ChapterAtom>
          <ChapterUID>1110474423</ChapterUID>
          <!--Enter your text here-->

          <ChapterDisplay>
            <ChapterString>PGC type 0x00 = Basic PGC</ChapterString>
          </ChapterDisplay>
          <ChapterProcess>
            <ChapterProcessCodecID>1</ChapterProcessCodecID>
            <ChapterProcessPrivate format="hex">20 00 09 00 00 40 00 00</ChapterProcessPrivate>
            <!--Pre commands-->

            <ChapterProcessCommand>
              <ChapterProcessTime>1</ChapterProcessTime>
              <ChapterProcessData format="hex">03 71 00 00 0b 00 08 00 00 71 00 00 0e 00 08 00 00 71 00 00 0f 00 03 00 00</ChapterProcessData>
            </ChapterProcessCommand>
            <!--Post commands-->

            <ChapterProcessCommand>
              <ChapterProcessTime>2</ChapterProcessTime>
              <ChapterProcessData format="hex">01 30 03 00 00 00 01 00 00</ChapterProcessData>
            </ChapterProcessCommand>
          </ChapterProcess>
          <!--Program PGN# 1 in this PGC-->

          <ChapterAtom>
            <ChapterUID>1613900859</ChapterUID>
            <ChapterFlagHidden>1</ChapterFlagHidden>
            <ChapterProcess>
              <ChapterProcessCodecID>1</ChapterProcessCodecID>
              <ChapterProcessPrivate format="hex">18 00 01</ChapterProcessPrivate>
            </ChapterProcess>
            <!--Program Entry Cell CN#1 [08.1]-->

            <ChapterAtom>
              <ChapterUID>362894370</ChapterUID>
              <ChapterFlagHidden>1</ChapterFlagHidden>
              <ChapterProcess>
                <ChapterProcessCodecID>1</ChapterProcessCodecID>
                <ChapterProcessPrivate format="hex">08 00 08 01 01</ChapterProcessPrivate>
              </ChapterProcess>
              <!--Still cell (10s)-->

              <ChapterTimeStart>00:00:00.000000000</ChapterTimeStart>
              <ChapterTimeEnd>00:00:10.000000000</ChapterTimeEnd>
            </ChapterAtom>
            <ChapterTimeStart>00:00:00.000000000</ChapterTimeStart>
          </ChapterAtom>
          <ChapterTimeStart>00:00:00.000000000</ChapterTimeStart>
        </ChapterAtom>
        <!--PGC PGC_10 type 0x00 = Basic PGC-->

        <ChapterAtom>
          <ChapterUID>1056311330</ChapterUID>
          <!--Enter your text here-->

          <ChapterDisplay>
            <ChapterString>PGC type 0x00 = Basic PGC</ChapterString>
          </ChapterDisplay>
          <ChapterProcess>
            <ChapterProcessCodecID>1</ChapterProcessCodecID>
            <ChapterProcessPrivate format="hex">20 00 0a 00 00 40 00 00</ChapterProcessPrivate>
            <!--Pre commands-->

            <ChapterProcessCommand>
              <ChapterProcessTime>1</ChapterProcessTime>
              <ChapterProcessData format="hex">03 71 00 00 0b 00 09 00 00 71 00 00 0e 00 09 00 00 71 00 00 0f 00 04 00 00</ChapterProcessData>
            </ChapterProcessCommand>
            <!--Post commands-->

            <ChapterProcessCommand>
              <ChapterProcessTime>2</ChapterProcessTime>
              <ChapterProcessData format="hex">01 30 03 00 00 00 01 00 00</ChapterProcessData>
            </ChapterProcessCommand>
          </ChapterProcess>
          <!--Program PGN# 1 in this PGC-->

          <ChapterAtom>
            <ChapterUID>1502691485</ChapterUID>
            <ChapterFlagHidden>1</ChapterFlagHidden>
            <ChapterProcess>
              <ChapterProcessCodecID>1</ChapterProcessCodecID>
              <ChapterProcessPrivate format="hex">18 00 01</ChapterProcessPrivate>
            </ChapterProcess>
            <!--Program Entry Cell CN#1 [09.1]-->

            <ChapterAtom>
              <ChapterUID>316766603</ChapterUID>
              <ChapterFlagHidden>1</ChapterFlagHidden>
              <ChapterProcess>
                <ChapterProcessCodecID>1</ChapterProcessCodecID>
                <ChapterProcessPrivate format="hex">08 00 09 01 01</ChapterProcessPrivate>
              </ChapterProcess>
              <!--Still cell (10s)-->

              <ChapterTimeStart>00:00:30.480000000</ChapterTimeStart>
              <ChapterTimeEnd>00:00:40.480000000</ChapterTimeEnd>
            </ChapterAtom>
            <ChapterTimeStart>00:00:30.480000000</ChapterTimeStart>
          </ChapterAtom>
          <ChapterTimeStart>00:00:30.480000000</ChapterTimeStart>
        </ChapterAtom>
        <ChapterTimeStart>00:00:00.000000000</ChapterTimeStart>
      </ChapterAtom>
      <ChapterTimeStart>00:00:00.000000000</ChapterTimeStart>
    </ChapterAtom>
  </EditionEntry>
</Chapters>
